,runtime,algorithm,n_sequence,distance,measure,n_repertoire
0,9.670151710510254,symspell,241817,1,leven,1
1,0.8048596382141113,xt_neighbor,241817,1,leven,1
2,1.205979347229004,compairr1,241817,1,leven,1
3,0.30558347702026367,compairr8,241817,1,leven,1
4,1.6073031425476074,symscancli3,241817,1,leven,1
5,15.368232488632202,symspell,397596,1,leven,2
6,1.005697250366211,xt_neighbor,397596,1,leven,2
7,2.308753728866577,compairr1,397596,1,leven,2
8,0.6066524982452393,compairr8,397596,1,leven,2
9,2.711012125015259,symscancli3,397596,1,leven,2
10,31.9687020778656,symspell,723111,1,leven,4
11,1.4073541164398193,xt_neighbor,723111,1,leven,4
12,5.520481109619141,compairr1,723111,1,leven,4
13,1.3113162517547607,compairr8,723111,1,leven,4
14,5.220268487930298,symscancli3,723111,1,leven,4
15,75.25150418281555,symspell,1443770,1,leven,8
16,2.3112945556640625,xt_neighbor,1443770,1,leven,8
17,13.34726333618164,compairr1,1443770,1,leven,8
18,2.714831590652466,compairr8,1443770,1,leven,8
19,11.138514518737793,symscancli3,1443770,1,leven,8
20,146.92515397071838,symspell,2473073,1,leven,16
21,3.7154407501220703,xt_neighbor,2473073,1,leven,16
22,22.47202444076538,compairr1,2473073,1,leven,16
23,5.025327444076538,compairr8,2473073,1,leven,16
24,19.964966535568237,symscancli3,2473073,1,leven,16
25,336.08507657051086,symspell,4595236,1,leven,32
26,6.822546720504761,xt_neighbor,4595236,1,leven,32
27,51.56143236160278,compairr1,4595236,1,leven,32
28,11.259456396102905,compairr8,4595236,1,leven,32
29,40.53349494934082,symscancli3,4595236,1,leven,32
30,13.345114946365356,xt_neighbor,8820934,1,leven,64
31,132.33327913284302,compairr1,8820934,1,leven,64
32,25.46521496772766,compairr8,8820934,1,leven,64
33,84.5674455165863,symscancli3,8820934,1,leven,64
34,6.233553886413574,symspell,251590,1,leven,1
35,0.80548095703125,xt_neighbor,251590,1,leven,1
36,1.2055470943450928,compairr1,251590,1,leven,1
37,0.30614352226257324,compairr8,251590,1,leven,1
38,1.607010841369629,symscancli3,251590,1,leven,1
39,16.406304597854614,symspell,462523,1,leven,2
40,1.1064410209655762,xt_neighbor,462523,1,leven,2
41,2.710310459136963,compairr1,462523,1,leven,2
42,0.7063322067260742,compairr8,462523,1,leven,2
43,3.1116647720336914,symscancli3,462523,1,leven,2
44,33.12337565422058,symspell,778921,1,leven,4
45,1.5070958137512207,xt_neighbor,778921,1,leven,4
46,4.8176703453063965,compairr1,778921,1,leven,4
47,1.2082386016845703,compairr8,778921,1,leven,4
48,5.519399881362915,symscancli3,778921,1,leven,4
49,63.17347025871277,symspell,1308916,1,leven,8
50,2.208336591720581,xt_neighbor,1308916,1,leven,8
51,10.234291791915894,compairr1,1308916,1,leven,8
52,2.515374183654785,compairr8,1308916,1,leven,8
53,9.733928442001343,symscancli3,1308916,1,leven,8
54,151.2354395389557,symspell,2623852,1,leven,16
55,3.9161205291748047,xt_neighbor,2623852,1,leven,16
56,24.478162050247192,compairr1,2623852,1,leven,16
57,5.326215505599976,compairr8,2623852,1,leven,16
58,21.167554140090942,symscancli3,2623852,1,leven,16
59,342.0475251674652,symspell,4655821,1,leven,32
60,6.9229350090026855,xt_neighbor,4655821,1,leven,32
61,50.338727712631226,compairr1,4655821,1,leven,32
62,11.376911878585815,compairr8,4655821,1,leven,32
63,40.517855167388916,symscancli3,4655821,1,leven,32
64,13.336742877960205,xt_neighbor,8737969,1,leven,64
65,114.9381639957428,compairr1,8737969,1,leven,64
66,24.648003101348877,compairr8,8737969,1,leven,64
67,84.03087306022644,symscancli3,8737969,1,leven,64
68,1.3165409564971924,symspell,66527,1,leven,1
69,0.6040043830871582,xt_neighbor,66527,1,leven,1
70,0.302884578704834,compairr1,66527,1,leven,1
71,0.10290789604187012,compairr8,66527,1,leven,1
72,0.5043048858642578,symscancli3,66527,1,leven,1
73,3.339398145675659,symspell,154429,1,leven,2
74,0.7057068347930908,xt_neighbor,154429,1,leven,2
75,0.6039772033691406,compairr1,154429,1,leven,2
76,0.2049863338470459,compairr8,154429,1,leven,2
77,1.0047624111175537,symscancli3,154429,1,leven,2
78,24.351266860961914,symspell,722278,1,leven,4
79,1.4070312976837158,xt_neighbor,722278,1,leven,4
80,4.917144060134888,compairr1,722278,1,leven,4
81,1.1082801818847656,compairr8,722278,1,leven,4
82,5.217531204223633,symscancli3,722278,1,leven,4
83,62.5688054561615,symspell,1311420,1,leven,8
84,2.2097084522247314,xt_neighbor,1311420,1,leven,8
85,9.832013845443726,compairr1,1311420,1,leven,8
86,2.1127207279205322,compairr8,1311420,1,leven,8
87,9.730224847793579,symscancli3,1311420,1,leven,8
88,149.694650888443,symspell,2588661,1,leven,16
89,3.915235757827759,xt_neighbor,2588661,1,leven,16
90,23.26881718635559,compairr1,2588661,1,leven,16
91,5.529027700424194,compairr8,2588661,1,leven,16
92,20.86143922805786,symscancli3,2588661,1,leven,16
93,304.9548029899597,symspell,4369974,1,leven,32
94,6.520778179168701,xt_neighbor,4369974,1,leven,32
95,45.13340616226196,compairr1,4369974,1,leven,32
96,10.35563349723816,compairr8,4369974,1,leven,32
97,37.90982747077942,symscancli3,4369974,1,leven,32
98,12.83451771736145,xt_neighbor,8205393,1,leven,64
99,110.0354871749878,compairr1,8205393,1,leven,64
100,23.113555192947388,compairr8,8205393,1,leven,64
101,77.72337818145752,symscancli3,8205393,1,leven,64
102,4.395848274230957,symspell,197663,1,leven,1
103,0.8048770427703857,xt_neighbor,197663,1,leven,1
104,0.8040683269500732,compairr1,197663,1,leven,1
105,0.20507097244262695,compairr8,197663,1,leven,1
106,1.3057000637054443,symscancli3,197663,1,leven,1
107,10.735718011856079,symspell,365079,1,leven,2
108,1.0049569606781006,xt_neighbor,365079,1,leven,2
109,1.7062668800354004,compairr1,365079,1,leven,2
110,0.5053539276123047,compairr8,365079,1,leven,2
111,2.4091875553131104,symscancli3,365079,1,leven,2
112,25.339797496795654,symspell,662710,1,leven,4
113,1.4057025909423828,xt_neighbor,662710,1,leven,4
114,3.811953544616699,compairr1,662710,1,leven,4
115,0.9060101509094238,compairr8,662710,1,leven,4
116,4.4136364459991455,symscancli3,662710,1,leven,4
117,69.63081288337708,symspell,1423719,1,leven,8
118,2.3085556030273438,xt_neighbor,1423719,1,leven,8
119,11.634896755218506,compairr1,1423719,1,leven,8
120,2.413090944290161,compairr8,1423719,1,leven,8
121,10.632535696029663,symscancli3,1423719,1,leven,8
122,131.55011439323425,symspell,2381475,1,leven,16
123,3.6135876178741455,xt_neighbor,2381475,1,leven,16
124,20.661040544509888,compairr1,2381475,1,leven,16
125,4.823655128479004,compairr8,2381475,1,leven,16
126,18.75395369529724,symscancli3,2381475,1,leven,16
127,316.33825492858887,symspell,4380561,1,leven,32
128,6.6221842765808105,xt_neighbor,4380561,1,leven,32
129,47.04268503189087,compairr1,4380561,1,leven,32
130,10.664419651031494,compairr8,4380561,1,leven,32
131,38.41910433769226,symscancli3,4380561,1,leven,32
132,12.537306785583496,xt_neighbor,8219351,1,leven,64
133,113.45702481269836,compairr1,8219351,1,leven,64
134,22.712823390960693,compairr8,8219351,1,leven,64
135,77.92728567123413,symscancli3,8219351,1,leven,64
136,6.9018120765686035,symspell,275143,1,leven,1
137,0.9059538841247559,xt_neighbor,275143,1,leven,1
138,1.2051923274993896,compairr1,275143,1,leven,1
139,0.30506086349487305,compairr8,275143,1,leven,1
140,1.8073177337646484,symscancli3,275143,1,leven,1
141,10.744641780853271,symspell,407666,1,leven,2
142,1.1054296493530273,xt_neighbor,407666,1,leven,2
143,2.209059000015259,compairr1,407666,1,leven,2
144,0.6060807704925537,compairr8,407666,1,leven,2
145,2.7098164558410645,symscancli3,407666,1,leven,2
146,21.39195442199707,symspell,609902,1,leven,4
147,1.3060264587402344,xt_neighbor,609902,1,leven,4
148,3.813004493713379,compairr1,609902,1,leven,4
149,0.9119832515716553,compairr8,609902,1,leven,4
150,4.214446306228638,symscancli3,609902,1,leven,4
151,49.502259731292725,symspell,1042508,1,leven,8
152,1.8080618381500244,xt_neighbor,1042508,1,leven,8
153,7.122578859329224,compairr1,1042508,1,leven,8
154,1.7089118957519531,compairr8,1042508,1,leven,8
155,7.524427652359009,symscancli3,1042508,1,leven,8
156,122.29745483398438,symspell,2210476,1,leven,16
157,3.413703203201294,xt_neighbor,2210476,1,leven,16
158,18.355236291885376,compairr1,2210476,1,leven,16
159,4.2234978675842285,compairr8,2210476,1,leven,16
160,17.350894927978516,symscancli3,2210476,1,leven,16
161,298.2346510887146,symspell,4218004,1,leven,32
162,6.3209967613220215,xt_neighbor,4218004,1,leven,32
163,43.5311963558197,compairr1,4218004,1,leven,32
164,9.74263596534729,compairr8,4218004,1,leven,32
165,36.1057915687561,symscancli3,4218004,1,leven,32
166,12.534798622131348,xt_neighbor,8252118,1,leven,64
167,112.64345407485962,compairr1,8252118,1,leven,64
168,22.825857639312744,compairr8,8252118,1,leven,64
169,77.62469935417175,symscancli3,8252118,1,leven,64
170,4.121049642562866,symspell,186332,1,leven,1
171,0.8047652244567871,xt_neighbor,186332,1,leven,1
172,0.804203987121582,compairr1,186332,1,leven,1
173,0.20420551300048828,compairr8,186332,1,leven,1
174,1.2053639888763428,symscancli3,186332,1,leven,1
175,11.436474561691284,symspell,381531,1,leven,2
176,1.0055153369903564,xt_neighbor,381531,1,leven,2
177,1.9076740741729736,compairr1,381531,1,leven,2
178,0.5060908794403076,compairr8,381531,1,leven,2
179,2.5094871520996094,symscancli3,381531,1,leven,2
180,26.55571222305298,symspell,636908,1,leven,4
181,1.3068199157714844,xt_neighbor,636908,1,leven,4
182,3.8123292922973633,compairr1,636908,1,leven,4
183,0.9065308570861816,compairr8,636908,1,leven,4
184,4.415626049041748,symscancli3,636908,1,leven,4
185,63.96830344200134,symspell,1350830,1,leven,8
186,2.208742380142212,xt_neighbor,1350830,1,leven,8
187,10.130342483520508,compairr1,1350830,1,leven,8
188,2.3119590282440186,compairr8,1350830,1,leven,8
189,9.831298112869263,symscancli3,1350830,1,leven,8
190,138.6480610370636,symspell,2504289,1,leven,16
191,3.8142905235290527,xt_neighbor,2504289,1,leven,16
192,22.167726039886475,compairr1,2504289,1,leven,16
193,5.024822950363159,compairr8,2504289,1,leven,16
194,20.365288019180298,symscancli3,2504289,1,leven,16
195,295.6077513694763,symspell,4332597,1,leven,32
196,6.418985605239868,xt_neighbor,4332597,1,leven,32
197,45.4358491897583,compairr1,4332597,1,leven,32
198,10.46221113204956,compairr8,4332597,1,leven,32
199,37.61128354072571,symscancli3,4332597,1,leven,32
200,12.535944938659668,xt_neighbor,8204198,1,leven,64
201,111.44030976295471,compairr1,8204198,1,leven,64
202,22.621590852737427,compairr8,8204198,1,leven,64
203,77.5272364616394,symscancli3,8204198,1,leven,64
204,5.995832920074463,symspell,200405,1,leven,1
205,0.8044569492340088,xt_neighbor,200405,1,leven,1
206,0.9050776958465576,compairr1,200405,1,leven,1
207,0.3054924011230469,compairr8,200405,1,leven,1
208,1.3060061931610107,symscancli3,200405,1,leven,1
209,14.316799640655518,symspell,372338,1,leven,2
210,1.0048909187316895,xt_neighbor,372338,1,leven,2
211,1.9071483612060547,compairr1,372338,1,leven,2
212,0.5058305263519287,compairr8,372338,1,leven,2
213,2.409374713897705,symscancli3,372338,1,leven,2
214,28.43109440803528,symspell,678232,1,leven,4
215,1.4069254398345947,xt_neighbor,678232,1,leven,4
216,4.213137865066528,compairr1,678232,1,leven,4
217,1.0060479640960693,compairr8,678232,1,leven,4
218,4.716027021408081,symscancli3,678232,1,leven,4
219,57.97697734832764,symspell,1225051,1,leven,8
220,2.1093409061431885,xt_neighbor,1225051,1,leven,8
221,8.929101943969727,compairr1,1225051,1,leven,8
222,2.011669874191284,compairr8,1225051,1,leven,8
223,8.928273677825928,symscancli3,1225051,1,leven,8
224,124.94363832473755,symspell,2224811,1,leven,16
225,3.4110703468322754,xt_neighbor,2224811,1,leven,16
226,18.351938009262085,compairr1,2224811,1,leven,16
227,4.524211645126343,compairr8,2224811,1,leven,16
228,17.349499940872192,symscancli3,2224811,1,leven,16
229,289.8154103755951,symspell,4181857,1,leven,32
230,6.118340730667114,xt_neighbor,4181857,1,leven,32
231,43.02935576438904,compairr1,4181857,1,leven,32
232,9.54236388206482,compairr8,4181857,1,leven,32
233,35.60045146942139,symscancli3,4181857,1,leven,32
234,12.434499502182007,xt_neighbor,8205975,1,leven,64
235,108.2206346988678,compairr1,8205975,1,leven,64
236,22.098090887069702,compairr8,8205975,1,leven,64
237,77.41765284538269,symscancli3,8205975,1,leven,64
238,2.9024155139923096,symspell,138866,1,leven,1
239,0.7039554119110107,xt_neighbor,138866,1,leven,1
240,0.5026674270629883,compairr1,138866,1,leven,1
241,0.20264697074890137,compairr8,138866,1,leven,1
242,0.9044406414031982,symscancli3,138866,1,leven,1
243,8.405276775360107,symspell,273235,1,leven,2
244,0.9042568206787109,xt_neighbor,273235,1,leven,2
245,1.2053923606872559,compairr1,273235,1,leven,2
246,0.3045163154602051,compairr8,273235,1,leven,2
247,1.7065927982330322,symscancli3,273235,1,leven,2
248,16.764216899871826,symspell,432302,1,leven,4
249,1.1057698726654053,xt_neighbor,432302,1,leven,4
250,2.2072677612304688,compairr1,432302,1,leven,4
251,0.6049928665161133,compairr8,432302,1,leven,4
252,2.810734748840332,symscancli3,432302,1,leven,4
253,51.78778624534607,symspell,1108997,1,leven,8
254,1.907951831817627,xt_neighbor,1108997,1,leven,8
255,7.524242401123047,compairr1,1108997,1,leven,8
256,1.7093985080718994,compairr8,1108997,1,leven,8
257,7.923444747924805,symscancli3,1108997,1,leven,8
258,124.58123707771301,symspell,2199851,1,leven,16
259,3.411397933959961,xt_neighbor,2199851,1,leven,16
260,17.751014947891235,compairr1,2199851,1,leven,16
261,4.324373006820679,compairr8,2199851,1,leven,16
262,16.85112977027893,symscancli3,2199851,1,leven,16
263,276.14681816101074,symspell,4153970,1,leven,32
264,6.119285583496094,xt_neighbor,4153970,1,leven,32
265,42.1230263710022,compairr1,4153970,1,leven,32
266,9.65866208076477,compairr8,4153970,1,leven,32
267,35.10258388519287,symscancli3,4153970,1,leven,32
268,12.638402462005615,xt_neighbor,8366743,1,leven,64
269,115.143639087677,compairr1,8366743,1,leven,64
270,22.920619010925293,compairr8,8366743,1,leven,64
271,78.7353196144104,symscancli3,8366743,1,leven,64
272,7.398996114730835,symspell,208062,1,leven,1
273,0.8045520782470703,xt_neighbor,208062,1,leven,1
274,0.9041531085968018,compairr1,208062,1,leven,1
275,0.3055384159088135,compairr8,208062,1,leven,1
276,1.3052887916564941,symscancli3,208062,1,leven,1
277,18.108980178833008,symspell,455677,1,leven,2
278,1.1054050922393799,xt_neighbor,455677,1,leven,2
279,2.408456325531006,compairr1,455677,1,leven,2
280,0.6040349006652832,compairr8,455677,1,leven,2
281,3.0107250213623047,symscancli3,455677,1,leven,2
282,31.808295726776123,symspell,792061,1,leven,4
283,1.50705885887146,xt_neighbor,792061,1,leven,4
284,4.7148847579956055,compairr1,792061,1,leven,4
285,1.207688570022583,compairr8,792061,1,leven,4
286,5.417438745498657,symscancli3,792061,1,leven,4
287,57.53217267990112,symspell,1196975,1,leven,8
288,2.0080454349517822,xt_neighbor,1196975,1,leven,8
289,8.225558757781982,compairr1,1196975,1,leven,8
290,1.8115158081054688,compairr8,1196975,1,leven,8
291,8.525532245635986,symscancli3,1196975,1,leven,8
292,125.5682806968689,symspell,2302643,1,leven,16
293,3.5125715732574463,xt_neighbor,2302643,1,leven,16
294,19.056390285491943,compairr1,2302643,1,leven,16
295,4.320526838302612,compairr8,2302643,1,leven,16
296,18.05360746383667,symscancli3,2302643,1,leven,16
297,321.36140608787537,symspell,4539951,1,leven,32
298,6.7203896045684814,xt_neighbor,4539951,1,leven,32
299,47.13667130470276,compairr1,4539951,1,leven,32
300,10.850033044815063,compairr8,4539951,1,leven,32
301,38.80789852142334,symscancli3,4539951,1,leven,32
302,13.034016132354736,xt_neighbor,8573313,1,leven,64
303,110.41779804229736,compairr1,8573313,1,leven,64
304,23.021613597869873,compairr8,8573313,1,leven,64
305,79.91929364204407,symscancli3,8573313,1,leven,64
306,3.1034305095672607,symspell,147472,1,leven,1
307,0.7038624286651611,xt_neighbor,147472,1,leven,1
308,0.6033384799957275,compairr1,147472,1,leven,1
309,0.20268607139587402,compairr8,147472,1,leven,1
310,1.004756212234497,symscancli3,147472,1,leven,1
311,9.493610620498657,symspell,290919,1,leven,2
312,0.9048242568969727,xt_neighbor,290919,1,leven,2
313,1.305666446685791,compairr1,290919,1,leven,2
314,0.4054391384124756,compairr8,290919,1,leven,2
315,1.8066353797912598,symscancli3,290919,1,leven,2
316,18.930283784866333,symspell,490802,1,leven,4
317,1.1053893566131592,xt_neighbor,490802,1,leven,4
318,2.5087618827819824,compairr1,490802,1,leven,4
319,0.6062788963317871,compairr8,490802,1,leven,4
320,3.2103240489959717,symscancli3,490802,1,leven,4
321,56.317745208740234,symspell,1213841,1,leven,8
322,2.0079426765441895,xt_neighbor,1213841,1,leven,8
323,8.425148725509644,compairr1,1213841,1,leven,8
324,1.9098236560821533,compairr8,1213841,1,leven,8
325,8.724798917770386,symscancli3,1213841,1,leven,8
326,131.44957637786865,symspell,2364481,1,leven,16
327,3.612104892730713,xt_neighbor,2364481,1,leven,16
328,19.55675172805786,compairr1,2364481,1,leven,16
329,4.623518466949463,compairr8,2364481,1,leven,16
330,18.451209545135498,symscancli3,2364481,1,leven,16
331,317.95006370544434,symspell,4379127,1,leven,32
332,6.520669460296631,xt_neighbor,4379127,1,leven,32
333,47.14650511741638,compairr1,4379127,1,leven,32
334,10.851704835891724,compairr8,4379127,1,leven,32
335,38.716267108917236,symscancli3,4379127,1,leven,32
336,12.235333919525146,xt_neighbor,8061148,1,leven,64
337,109.6200680732727,compairr1,8061148,1,leven,64
338,22.313832759857178,compairr8,8061148,1,leven,64
339,75.72433876991272,symscancli3,8061148,1,leven,64
340,3.714275598526001,symspell,168471,1,leven,1
341,0.8058807849884033,xt_neighbor,168471,1,leven,1
342,0.7040627002716064,compairr1,168471,1,leven,1
343,0.20430612564086914,compairr8,168471,1,leven,1
344,1.1057639122009277,symscancli3,168471,1,leven,1
345,5.5836567878723145,symspell,234141,1,leven,2
346,0.8050639629364014,xt_neighbor,234141,1,leven,2
347,1.0047316551208496,compairr1,234141,1,leven,2
348,0.30376744270324707,compairr8,234141,1,leven,2
349,1.5067644119262695,symscancli3,234141,1,leven,2
350,18.80993676185608,symspell,596056,1,leven,4
351,1.3058512210845947,xt_neighbor,596056,1,leven,4
352,3.512763023376465,compairr1,596056,1,leven,4
353,0.8065640926361084,compairr8,596056,1,leven,4
354,4.114123821258545,symscancli3,596056,1,leven,4
355,54.09362196922302,symspell,1108134,1,leven,8
356,1.9076898097991943,xt_neighbor,1108134,1,leven,8
357,7.723687410354614,compairr1,1108134,1,leven,8
358,1.7092182636260986,compairr8,1108134,1,leven,8
359,7.824901819229126,symscancli3,1108134,1,leven,8
360,115.37400269508362,symspell,2120276,1,leven,16
361,3.2106173038482666,xt_neighbor,2120276,1,leven,16
362,16.749461889266968,compairr1,2120276,1,leven,16
363,3.8202779293060303,compairr8,2120276,1,leven,16
364,16.346254587173462,symscancli3,2120276,1,leven,16
365,321.79172372817993,symspell,4472714,1,leven,32
366,6.921868085861206,xt_neighbor,4472714,1,leven,32
367,46.23245859146118,compairr1,4472714,1,leven,32
368,10.757768392562866,compairr8,4472714,1,leven,32
369,38.409454584121704,symscancli3,4472714,1,leven,32
370,13.335736513137817,xt_neighbor,8624085,1,leven,64
371,115.14203000068665,compairr1,8624085,1,leven,64
372,24.117605209350586,compairr8,8624085,1,leven,64
373,83.04461455345154,symscancli3,8624085,1,leven,64
374,3.134951591491699,symspell,146524,1,leven,1
375,0.7042279243469238,xt_neighbor,146524,1,leven,1
376,0.6044361591339111,compairr1,146524,1,leven,1
377,0.20477533340454102,compairr8,146524,1,leven,1
378,1.0049467086791992,symscancli3,146524,1,leven,1
379,8.604174375534058,symspell,339616,1,leven,2
380,1.0055103302001953,xt_neighbor,339616,1,leven,2
381,1.7067224979400635,compairr1,339616,1,leven,2
382,0.40509605407714844,compairr8,339616,1,leven,2
383,2.207946300506592,symscancli3,339616,1,leven,2
384,38.88282227516174,symspell,899781,1,leven,4
385,1.6071665287017822,xt_neighbor,899781,1,leven,4
386,5.718065023422241,compairr1,899781,1,leven,4
387,1.50917387008667,compairr8,899781,1,leven,4
388,6.418689250946045,symscancli3,899781,1,leven,4
389,74.57686376571655,symspell,1509118,1,leven,8
390,2.408848285675049,xt_neighbor,1509118,1,leven,8
391,10.934382200241089,compairr1,1509118,1,leven,8
392,2.61578106880188,compairr8,1509118,1,leven,8
393,11.333973169326782,symscancli3,1509118,1,leven,8
394,147.65025424957275,symspell,2582492,1,leven,16
395,3.913942337036133,xt_neighbor,2582492,1,leven,16
396,23.773256301879883,compairr1,2582492,1,leven,16
397,5.458158493041992,compairr8,2582492,1,leven,16
398,20.86410403251648,symscancli3,2582492,1,leven,16
399,347.382776260376,symspell,4852935,1,leven,32
400,7.323246479034424,xt_neighbor,4852935,1,leven,32
401,52.95884585380554,compairr1,4852935,1,leven,32
402,11.786957263946533,compairr8,4852935,1,leven,32
403,42.72383213043213,symscancli3,4852935,1,leven,32
404,13.339734315872192,xt_neighbor,8681153,1,leven,64
405,115.33874106407166,compairr1,8681153,1,leven,64
406,24.21302342414856,compairr8,8681153,1,leven,64
407,82.45092487335205,symscancli3,8681153,1,leven,64
408,5.600988864898682,symspell,195359,1,leven,1
409,0.8046703338623047,xt_neighbor,195359,1,leven,1
410,0.8042311668395996,compairr1,195359,1,leven,1
411,0.2037973403930664,compairr8,195359,1,leven,1
412,1.3058712482452393,symscancli3,195359,1,leven,1
413,11.777089357376099,symspell,297977,1,leven,2
414,0.9053671360015869,xt_neighbor,297977,1,leven,2
415,1.4054961204528809,compairr1,297977,1,leven,2
416,0.4081404209136963,compairr8,297977,1,leven,2
417,1.9075570106506348,symscancli3,297977,1,leven,2
418,24.654321670532227,symspell,602991,1,leven,4
419,1.3066816329956055,xt_neighbor,602991,1,leven,4
420,3.613255739212036,compairr1,602991,1,leven,4
421,0.8072001934051514,compairr8,602991,1,leven,4
422,4.113668441772461,symscancli3,602991,1,leven,4
423,59.1317663192749,symspell,1211399,1,leven,8
424,2.0084385871887207,xt_neighbor,1211399,1,leven,8
425,8.82671332359314,compairr1,1211399,1,leven,8
426,1.909900188446045,compairr8,1211399,1,leven,8
427,8.827993631362915,symscancli3,1211399,1,leven,8
428,131.10122776031494,symspell,2298126,1,leven,16
429,3.612973928451538,xt_neighbor,2298126,1,leven,16
430,20.56175708770752,compairr1,2298126,1,leven,16
431,4.925987482070923,compairr8,2298126,1,leven,16
432,19.161779642105103,symscancli3,2298126,1,leven,16
433,340.6175470352173,symspell,4535201,1,leven,32
434,6.82463002204895,xt_neighbor,4535201,1,leven,32
435,49.65498113632202,compairr1,4535201,1,leven,32
436,11.055596590042114,compairr8,4535201,1,leven,32
437,39.922626972198486,symscancli3,4535201,1,leven,32
438,13.24058723449707,xt_neighbor,8635875,1,leven,64
439,136.42990636825562,compairr1,8635875,1,leven,64
440,25.83068084716797,compairr8,8635875,1,leven,64
441,83.44834995269775,symscancli3,8635875,1,leven,64
442,7.501759052276611,symspell,294471,1,leven,1
443,0.9054443836212158,xt_neighbor,294471,1,leven,1
444,1.4062542915344238,compairr1,294471,1,leven,1
445,0.4049994945526123,compairr8,294471,1,leven,1
446,1.9077246189117432,symscancli3,294471,1,leven,1
447,11.663458347320557,symspell,437324,1,leven,2
448,1.1056628227233887,xt_neighbor,437324,1,leven,2
449,2.5087311267852783,compairr1,437324,1,leven,2
450,0.6063711643218994,compairr8,437324,1,leven,2
451,3.0110199451446533,symscancli3,437324,1,leven,2
452,36.3904070854187,symspell,862698,1,leven,4
453,1.6075212955474854,xt_neighbor,862698,1,leven,4
454,5.617817640304565,compairr1,862698,1,leven,4
455,1.3072717189788818,compairr8,862698,1,leven,4
456,6.120020389556885,symscancli3,862698,1,leven,4
457,70.75497651100159,symspell,1438534,1,leven,8
458,2.409259080886841,xt_neighbor,1438534,1,leven,8
459,11.73559045791626,compairr1,1438534,1,leven,8
460,2.4140267372131348,compairr8,1438534,1,leven,8
461,10.83440089225769,symscancli3,1438534,1,leven,8
462,147.84292101860046,symspell,2581152,1,leven,16
463,3.9149086475372314,xt_neighbor,2581152,1,leven,16
464,23.271278381347656,compairr1,2581152,1,leven,16
465,5.527174472808838,compairr8,2581152,1,leven,16
466,20.964915990829468,symscancli3,2581152,1,leven,16
467,328.279456615448,symspell,4613666,1,leven,32
468,7.023954153060913,xt_neighbor,4613666,1,leven,32
469,51.9516339302063,compairr1,4613666,1,leven,32
470,11.05251669883728,compairr8,4613666,1,leven,32
471,41.22447466850281,symscancli3,4613666,1,leven,32
472,13.14172101020813,xt_neighbor,8560929,1,leven,64
473,123.36600303649902,compairr1,8560929,1,leven,64
474,24.11592411994934,compairr8,8560929,1,leven,64
475,81.85810089111328,symscancli3,8560929,1,leven,64
476,7.332913160324097,symspell,195235,1,leven,1
477,0.8060541152954102,xt_neighbor,195235,1,leven,1
478,0.9051637649536133,compairr1,195235,1,leven,1
479,0.30303192138671875,compairr8,195235,1,leven,1
480,1.3063111305236816,symscancli3,195235,1,leven,1
481,18.27697491645813,symspell,422305,1,leven,2
482,1.1059114933013916,xt_neighbor,422305,1,leven,2
483,2.3093886375427246,compairr1,422305,1,leven,2
484,0.6066687107086182,compairr8,422305,1,leven,2
485,2.810966968536377,symscancli3,422305,1,leven,2
486,28.078964948654175,symspell,654820,1,leven,4
487,1.3069605827331543,xt_neighbor,654820,1,leven,4
488,4.214587211608887,compairr1,654820,1,leven,4
489,0.9057788848876953,compairr8,654820,1,leven,4
490,4.515643835067749,symscancli3,654820,1,leven,4
491,57.623597383499146,symspell,1172417,1,leven,8
492,2.0075523853302,xt_neighbor,1172417,1,leven,8
493,8.122615814208984,compairr1,1172417,1,leven,8
494,1.809718370437622,compairr8,1172417,1,leven,8
495,8.423571348190308,symscancli3,1172417,1,leven,8
496,124.46752166748047,symspell,2172475,1,leven,16
497,3.411679267883301,xt_neighbor,2172475,1,leven,16
498,18.559008836746216,compairr1,2172475,1,leven,16
499,4.423384189605713,compairr8,2172475,1,leven,16
500,17.251001834869385,symscancli3,2172475,1,leven,16
501,304.04570388793945,symspell,4191496,1,leven,32
502,6.322048902511597,xt_neighbor,4191496,1,leven,32
503,44.23138093948364,compairr1,4191496,1,leven,32
504,9.946676015853882,compairr8,4191496,1,leven,32
505,36.81478691101074,symscancli3,4191496,1,leven,32
506,12.434193134307861,xt_neighbor,8103786,1,leven,64
507,106.70855522155762,compairr1,8103786,1,leven,64
508,22.00051975250244,compairr8,8103786,1,leven,64
509,76.21494817733765,symscancli3,8103786,1,leven,64
0,0.8055746555328369,symscancli2,241817,1,leven,1
1,1.6109275817871094,symscancli2,397596,1,leven,2
2,2.414480209350586,symscancli2,723111,1,leven,4
3,4.727547645568848,symscancli2,1443770,1,leven,8
4,8.837266445159912,symscancli2,2473073,1,leven,16
5,17.181926250457764,symscancli2,4595236,1,leven,32
6,34.5513174533844,symscancli2,8820934,1,leven,64
7,0.9097268581390381,symscancli2,251590,1,leven,1
8,1.5110127925872803,symscancli2,462523,1,leven,2
9,2.8122098445892334,symscancli2,778921,1,leven,4
10,4.220813989639282,symscancli2,1308916,1,leven,8
11,9.243983507156372,symscancli2,2623852,1,leven,16
12,17.0703547000885,symscancli2,4655821,1,leven,32
13,34.53819966316223,symscancli2,8737969,1,leven,64
14,0.3031125068664551,symscancli2,66527,1,leven,1
15,0.7040262222290039,symscancli2,154429,1,leven,2
16,2.4122390747070312,symscancli2,722278,1,leven,4
17,4.221502780914307,symscancli2,1311420,1,leven,8
18,8.83962631225586,symscancli2,2588661,1,leven,16
19,15.763283014297485,symscancli2,4369974,1,leven,32
20,31.421096086502075,symscancli2,8205393,1,leven,64
21,0.9048616886138916,symscancli2,197663,1,leven,1
22,1.5094447135925293,symscancli2,365079,1,leven,2
23,2.211289167404175,symscancli2,662710,1,leven,4
24,4.623710870742798,symscancli2,1423719,1,leven,8
25,8.141119241714478,symscancli2,2381475,1,leven,16
26,16.064820051193237,symscancli2,4380561,1,leven,32
27,32.36508750915527,symscancli2,8219351,1,leven,64
28,1.0066370964050293,symscancli2,275143,1,leven,1
29,1.409681797027588,symscancli2,407666,1,leven,2
30,2.012829065322876,symscancli2,609902,1,leven,4
31,3.4194207191467285,symscancli2,1042508,1,leven,8
32,7.532692909240723,symscancli2,2210476,1,leven,16
33,15.059859991073608,symscancli2,4218004,1,leven,32
34,31.650370836257935,symscancli2,8252118,1,leven,64
35,0.8043525218963623,symscancli2,186332,1,leven,1
36,1.5083184242248535,symscancli2,381531,1,leven,2
37,2.111224889755249,symscancli2,636908,1,leven,4
38,4.323075532913208,symscancli2,1350830,1,leven,8
39,8.643064737319946,symscancli2,2504289,1,leven,16
40,15.877788066864014,symscancli2,4332597,1,leven,32
41,32.234935998916626,symscancli2,8204198,1,leven,64
42,0.9057512283325195,symscancli2,200405,1,leven,1
43,1.508103847503662,symscancli2,372338,1,leven,2
44,2.2112321853637695,symscancli2,678232,1,leven,4
45,4.1230809688568115,symscancli2,1225051,1,leven,8
46,7.734972238540649,symscancli2,2224811,1,leven,16
47,15.264680862426758,symscancli2,4181857,1,leven,32
48,31.726521730422974,symscancli2,8205975,1,leven,64
49,0.606238842010498,symscancli2,138866,1,leven,1
50,1.1107802391052246,symscancli2,273235,1,leven,2
51,1.5126121044158936,symscancli2,432302,1,leven,4
52,3.5196406841278076,symscancli2,1108997,1,leven,8
53,7.432206153869629,symscancli2,2199851,1,leven,16
54,15.16635251045227,symscancli2,4153970,1,leven,32
55,32.021440267562866,symscancli2,8366743,1,leven,64
56,0.80706787109375,symscancli2,208062,1,leven,1
57,1.4108855724334717,symscancli2,455677,1,leven,2
58,2.7114906311035156,symscancli2,792061,1,leven,4
59,3.822444200515747,symscancli2,1196975,1,leven,8
60,8.039942979812622,symscancli2,2302643,1,leven,16
61,16.465855360031128,symscancli2,4539951,1,leven,32
62,33.43166208267212,symscancli2,8573313,1,leven,64
63,0.7041208744049072,symscancli2,147472,1,leven,1
64,1.1091816425323486,symscancli2,290919,1,leven,2
65,1.7117550373077393,symscancli2,490802,1,leven,4
66,4.027846813201904,symscancli2,1213841,1,leven,8
67,8.238896131515503,symscancli2,2364481,1,leven,16
68,15.866101264953613,symscancli2,4379127,1,leven,32
69,31.449692487716675,symscancli2,8061148,1,leven,64
70,0.7055690288543701,symscancli2,168471,1,leven,1
71,0.9082894325256348,symscancli2,234141,1,leven,2
72,2.0117733478546143,symscancli2,596056,1,leven,4
73,3.5214571952819824,symscancli2,1108134,1,leven,8
74,7.130657196044922,symscancli2,2120276,1,leven,16
75,16.173051357269287,symscancli2,4472714,1,leven,32
76,34.14354658126831,symscancli2,8624085,1,leven,64
77,0.704138994216919,symscancli2,146524,1,leven,1
78,1.3084173202514648,symscancli2,339616,1,leven,2
79,2.9139299392700195,symscancli2,899781,1,leven,4
80,5.128017902374268,symscancli2,1509118,1,leven,8
81,8.841532707214355,symscancli2,2582492,1,leven,16
82,17.462034702301025,symscancli2,4852935,1,leven,32
83,33.9360888004303,symscancli2,8681153,1,leven,64
84,0.9067416191101074,symscancli2,195359,1,leven,1
85,1.2087781429290771,symscancli2,297977,1,leven,2
86,2.0094077587127686,symscancli2,602991,1,leven,4
87,3.920372486114502,symscancli2,1211399,1,leven,8
88,7.840073823928833,symscancli2,2298126,1,leven,16
89,16.4657461643219,symscancli2,4535201,1,leven,32
90,33.22781801223755,symscancli2,8635875,1,leven,64
91,1.2066466808319092,symscancli2,294471,1,leven,1
92,1.4119575023651123,symscancli2,437324,1,leven,2
93,2.7160837650299072,symscancli2,862698,1,leven,4
94,4.6228601932525635,symscancli2,1438534,1,leven,8
95,8.942417621612549,symscancli2,2581152,1,leven,16
96,16.567069053649902,symscancli2,4613666,1,leven,32
97,33.14585852622986,symscancli2,8560929,1,leven,64
98,0.9042975902557373,symscancli2,195235,1,leven,1
99,1.410273551940918,symscancli2,422305,1,leven,2
100,2.212099075317383,symscancli2,654820,1,leven,4
101,3.925798177719116,symscancli2,1172417,1,leven,8
102,7.534683704376221,symscancli2,2172475,1,leven,16
103,15.263761043548584,symscancli2,4191496,1,leven,32
104,31.337637901306152,symscancli2,8103786,1,leven,64
0,8.63778305053711,symspell,241817,1,leven,1
1,4.915748357772827,xt_neighbor,241817,1,leven,1
2,1.0043737888336182,compairr1,241817,1,leven,1
3,0.30819201469421387,compairr8,241817,1,leven,1
4,0.907987117767334,symscancli2,241817,1,leven,1
5,1.6062955856323242,symscancli3,241817,1,leven,1
6,14.04514455795288,symspell,397596,1,leven,2
7,1.105875015258789,xt_neighbor,397596,1,leven,2
8,2.006821870803833,compairr1,397596,1,leven,2
9,0.506138801574707,compairr8,397596,1,leven,2
10,1.307460069656372,symscancli2,397596,1,leven,2
11,2.609954357147217,symscancli3,397596,1,leven,2
12,29.104958295822144,symspell,723111,1,leven,4
13,1.4074866771697998,xt_neighbor,723111,1,leven,4
14,4.514732360839844,compairr1,723111,1,leven,4
15,1.007863998413086,compairr8,723111,1,leven,4
16,2.4109504222869873,symscancli2,723111,1,leven,4
17,4.916827917098999,symscancli3,723111,1,leven,4
18,68.75225615501404,symspell,1443770,1,leven,8
19,2.3094429969787598,xt_neighbor,1443770,1,leven,8
20,11.232595205307007,compairr1,1443770,1,leven,8
21,2.414825916290283,compairr8,1443770,1,leven,8
22,4.828474283218384,symscancli2,1443770,1,leven,8
23,10.52986454963684,symscancli3,1443770,1,leven,8
24,137.7715082168579,symspell,2473073,1,leven,16
25,3.7137491703033447,xt_neighbor,2473073,1,leven,16
26,21.561060667037964,compairr1,2473073,1,leven,16
27,4.822516202926636,compairr8,2473073,1,leven,16
28,8.944419145584106,symscancli2,2473073,1,leven,16
29,20.863903045654297,symscancli3,2473073,1,leven,16
30,342.741094827652,symspell,4595236,1,leven,32
31,6.823763608932495,xt_neighbor,4595236,1,leven,32
32,49.43878960609436,compairr1,4595236,1,leven,32
33,11.252499341964722,compairr8,4595236,1,leven,32
34,16.875614643096924,symscancli2,4595236,1,leven,32
35,40.01249837875366,symscancli3,4595236,1,leven,32
36,13.437791347503662,xt_neighbor,8820934,1,leven,64
37,116.3514416217804,compairr1,8820934,1,leven,64
38,24.029639720916748,compairr8,8820934,1,leven,64
39,33.952253103256226,symscancli2,8820934,1,leven,64
40,83.73168325424194,symscancli3,8820934,1,leven,64
41,6.140762805938721,symspell,251590,1,leven,1
42,0.9051311016082764,xt_neighbor,251590,1,leven,1
43,1.105194091796875,compairr1,251590,1,leven,1
44,0.30507969856262207,compairr8,251590,1,leven,1
45,0.905719518661499,symscancli2,251590,1,leven,1
46,1.606386661529541,symscancli3,251590,1,leven,1
47,15.840491771697998,symspell,462523,1,leven,2
48,1.1052660942077637,xt_neighbor,462523,1,leven,2
49,2.5084590911865234,compairr1,462523,1,leven,2
50,0.6063275337219238,compairr8,462523,1,leven,2
51,1.4086108207702637,symscancli2,462523,1,leven,2
52,3.0099191665649414,symscancli3,462523,1,leven,2
53,32.49325084686279,symspell,778921,1,leven,4
54,1.5063958168029785,xt_neighbor,778921,1,leven,4
55,4.815053701400757,compairr1,778921,1,leven,4
56,1.2091026306152344,compairr8,778921,1,leven,4
57,2.7119927406311035,symscancli2,778921,1,leven,4
58,5.315909385681152,symscancli3,778921,1,leven,4
59,60.34961128234863,symspell,1308916,1,leven,8
60,2.208021879196167,xt_neighbor,1308916,1,leven,8
61,9.428530931472778,compairr1,1308916,1,leven,8
62,2.3166003227233887,compairr8,1308916,1,leven,8
63,4.1198036670684814,symscancli2,1308916,1,leven,8
64,9.327510833740234,symscancli3,1308916,1,leven,8
65,145.331524848938,symspell,2623852,1,leven,16
66,3.913130760192871,xt_neighbor,2623852,1,leven,16
67,23.16466760635376,compairr1,2623852,1,leven,16
68,5.130258321762085,compairr8,2623852,1,leven,16
69,8.940717458724976,symscancli2,2623852,1,leven,16
70,20.85956048965454,symscancli3,2623852,1,leven,16
71,344.6358599662781,symspell,4655821,1,leven,32
72,6.922663688659668,xt_neighbor,4655821,1,leven,32
73,49.740734815597534,compairr1,4655821,1,leven,32
74,11.153724431991577,compairr8,4655821,1,leven,32
75,17.075875520706177,symscancli2,4655821,1,leven,32
76,40.416632890701294,symscancli3,4655821,1,leven,32
77,13.337393999099731,xt_neighbor,8737969,1,leven,64
78,118.45559811592102,compairr1,8737969,1,leven,64
79,24.020020008087158,compairr8,8737969,1,leven,64
80,34.34062170982361,symscancli2,8737969,1,leven,64
81,83.63565373420715,symscancli3,8737969,1,leven,64
82,1.277390956878662,symspell,66527,1,leven,1
83,0.6037693023681641,xt_neighbor,66527,1,leven,1
84,0.3028523921966553,compairr1,66527,1,leven,1
85,0.10222125053405762,compairr8,66527,1,leven,1
86,0.3030362129211426,symscancli2,66527,1,leven,1
87,0.40328145027160645,symscancli3,66527,1,leven,1
88,3.166315793991089,symspell,154429,1,leven,2
89,0.7050530910491943,xt_neighbor,154429,1,leven,2
90,0.6033294200897217,compairr1,154429,1,leven,2
91,0.2043445110321045,compairr8,154429,1,leven,2
92,0.7040081024169922,symscancli2,154429,1,leven,2
93,1.0045766830444336,symscancli3,154429,1,leven,2
94,23.464072465896606,symspell,722278,1,leven,4
95,1.4063947200775146,xt_neighbor,722278,1,leven,4
96,4.514650583267212,compairr1,722278,1,leven,4
97,1.0096170902252197,compairr8,722278,1,leven,4
98,2.3108177185058594,symscancli2,722278,1,leven,4
99,5.015405654907227,symscancli3,722278,1,leven,4
100,62.84319543838501,symspell,1311420,1,leven,8
101,2.2103471755981445,xt_neighbor,1311420,1,leven,8
102,9.931478500366211,compairr1,1311420,1,leven,8
103,2.316939115524292,compairr8,1311420,1,leven,8
104,4.522799730300903,symscancli2,1311420,1,leven,8
105,9.832046508789062,symscancli3,1311420,1,leven,8
106,148.84282088279724,symspell,2588661,1,leven,16
107,3.9140102863311768,xt_neighbor,2588661,1,leven,16
108,23.268774032592773,compairr1,2588661,1,leven,16
109,5.225811958312988,compairr8,2588661,1,leven,16
110,9.143746137619019,symscancli2,2588661,1,leven,16
111,21.16131353378296,symscancli3,2588661,1,leven,16
112,311.43737721443176,symspell,4369974,1,leven,32
113,6.621052265167236,xt_neighbor,4369974,1,leven,32
114,47.03425073623657,compairr1,4369974,1,leven,32
115,10.457384586334229,compairr8,4369974,1,leven,32
116,16.06926918029785,symscancli2,4369974,1,leven,32
117,38.31169390678406,symscancli3,4369974,1,leven,32
118,12.536545991897583,xt_neighbor,8205393,1,leven,64
119,111.02830266952515,compairr1,8205393,1,leven,64
120,22.713440418243408,compairr8,8205393,1,leven,64
121,31.63379192352295,symscancli2,8205393,1,leven,64
122,77.62470984458923,symscancli3,8205393,1,leven,64
123,4.4678874015808105,symspell,197663,1,leven,1
124,0.8052196502685547,xt_neighbor,197663,1,leven,1
125,0.8044238090515137,compairr1,197663,1,leven,1
126,0.30560731887817383,compairr8,197663,1,leven,1
127,0.9070966243743896,symscancli2,197663,1,leven,1
128,1.3054065704345703,symscancli3,197663,1,leven,1
129,10.873207569122314,symspell,365079,1,leven,2
130,1.0055458545684814,xt_neighbor,365079,1,leven,2
131,1.9075202941894531,compairr1,365079,1,leven,2
132,0.5043678283691406,compairr8,365079,1,leven,2
133,1.409646987915039,symscancli2,365079,1,leven,2
134,2.4086503982543945,symscancli3,365079,1,leven,2
135,25.55556321144104,symspell,662710,1,leven,4
136,1.3056368827819824,xt_neighbor,662710,1,leven,4
137,3.811516046524048,compairr1,662710,1,leven,4
138,0.9065923690795898,compairr8,662710,1,leven,4
139,2.210299253463745,symscancli2,662710,1,leven,4
140,4.513907194137573,symscancli3,662710,1,leven,4
141,69.8393874168396,symspell,1423719,1,leven,8
142,2.3093273639678955,xt_neighbor,1423719,1,leven,8
143,10.933387041091919,compairr1,1423719,1,leven,8
144,2.412153482437134,compairr8,1423719,1,leven,8
145,4.724491357803345,symscancli2,1423719,1,leven,8
146,10.431445598602295,symscancli3,1423719,1,leven,8
147,129.8965709209442,symspell,2381475,1,leven,16
148,3.612356185913086,xt_neighbor,2381475,1,leven,16
149,19.95439839363098,compairr1,2381475,1,leven,16
150,4.82358717918396,compairr8,2381475,1,leven,16
151,8.135706424713135,symscancli2,2381475,1,leven,16
152,18.75274085998535,symscancli3,2381475,1,leven,16
153,311.69570326805115,symspell,4380561,1,leven,32
154,6.41732382774353,xt_neighbor,4380561,1,leven,32
155,44.31753730773926,compairr1,4380561,1,leven,32
156,10.352394104003906,compairr8,4380561,1,leven,32
157,15.757568836212158,symscancli2,4380561,1,leven,32
158,37.69806385040283,symscancli3,4380561,1,leven,32
159,12.33030390739441,xt_neighbor,8219351,1,leven,64
160,104.59378027915955,compairr1,8219351,1,leven,64
161,22.304501056671143,compairr8,8219351,1,leven,64
162,31.713684558868408,symscancli2,8219351,1,leven,64
163,76.89513659477234,symscancli3,8219351,1,leven,64
164,6.7992987632751465,symspell,275143,1,leven,1
165,0.9055745601654053,xt_neighbor,275143,1,leven,1
166,1.2046785354614258,compairr1,275143,1,leven,1
167,0.31036925315856934,compairr8,275143,1,leven,1
168,1.005960464477539,symscancli2,275143,1,leven,1
169,1.8065481185913086,symscancli3,275143,1,leven,1
170,10.510735034942627,symspell,407666,1,leven,2
171,1.0054035186767578,xt_neighbor,407666,1,leven,2
172,2.1073215007781982,compairr1,407666,1,leven,2
173,0.5056576728820801,compairr8,407666,1,leven,2
174,1.3079440593719482,symscancli2,407666,1,leven,2
175,2.7087578773498535,symscancli3,407666,1,leven,2
176,21.00239133834839,symspell,609902,1,leven,4
177,1.3059158325195312,xt_neighbor,609902,1,leven,4
178,3.31052303314209,compairr1,609902,1,leven,4
179,0.9063153266906738,compairr8,609902,1,leven,4
180,2.1105892658233643,symscancli2,609902,1,leven,4
181,4.112128496170044,symscancli3,609902,1,leven,4
182,48.16142201423645,symspell,1042508,1,leven,8
183,1.8070626258850098,xt_neighbor,1042508,1,leven,8
184,6.920156717300415,compairr1,1042508,1,leven,8
185,1.6089789867401123,compairr8,1042508,1,leven,8
186,3.31838059425354,symscancli2,1042508,1,leven,8
187,7.420003175735474,symscancli3,1042508,1,leven,8
188,119.30252265930176,symspell,2210476,1,leven,16
189,3.4112064838409424,xt_neighbor,2210476,1,leven,16
190,17.75036382675171,compairr1,2210476,1,leven,16
191,4.219815492630005,compairr8,2210476,1,leven,16
192,7.745800495147705,symscancli2,2210476,1,leven,16
193,17.14491033554077,symscancli3,2210476,1,leven,16
194,293.6270360946655,symspell,4218004,1,leven,32
195,6.217430591583252,xt_neighbor,4218004,1,leven,32
196,42.00743079185486,compairr1,4218004,1,leven,32
197,9.54256272315979,compairr8,4218004,1,leven,32
198,15.057154178619385,symscancli2,4218004,1,leven,32
199,35.994905948638916,symscancli3,4218004,1,leven,32
200,12.431137323379517,xt_neighbor,8252118,1,leven,64
201,104.2909152507782,compairr1,8252118,1,leven,64
202,22.01172161102295,compairr8,8252118,1,leven,64
203,31.513154983520508,symscancli2,8252118,1,leven,64
204,76.80201172828674,symscancli3,8252118,1,leven,64
205,4.015908718109131,symspell,186332,1,leven,1
206,0.8045282363891602,xt_neighbor,186332,1,leven,1
207,0.7036068439483643,compairr1,186332,1,leven,1
208,0.20329928398132324,compairr8,186332,1,leven,1
209,0.8064513206481934,symscancli2,186332,1,leven,1
210,1.2048087120056152,symscancli3,186332,1,leven,1
211,11.168778657913208,symspell,381531,1,leven,2
212,1.0053563117980957,xt_neighbor,381531,1,leven,2
213,1.8071458339691162,compairr1,381531,1,leven,2
214,0.505997896194458,compairr8,381531,1,leven,2
215,1.3052122592926025,symscancli2,381531,1,leven,2
216,2.508136510848999,symscancli3,381531,1,leven,2
217,25.846168756484985,symspell,636908,1,leven,4
218,1.3058245182037354,xt_neighbor,636908,1,leven,4
219,3.5116279125213623,compairr1,636908,1,leven,4
220,0.8056244850158691,compairr8,636908,1,leven,4
221,2.0102896690368652,symscancli2,636908,1,leven,4
222,4.3139684200286865,symscancli3,636908,1,leven,4
223,63.072099924087524,symspell,1350830,1,leven,8
224,2.2078466415405273,xt_neighbor,1350830,1,leven,8
225,9.727538585662842,compairr1,1350830,1,leven,8
226,2.111602783203125,compairr8,1350830,1,leven,8
227,4.422986745834351,symscancli2,1350830,1,leven,8
228,9.72749924659729,symscancli3,1350830,1,leven,8
229,138.98269653320312,symspell,2504289,1,leven,16
230,3.712235927581787,xt_neighbor,2504289,1,leven,16
231,20.958504676818848,compairr1,2504289,1,leven,16
232,4.822967767715454,compairr8,2504289,1,leven,16
233,8.637903690338135,symscancli2,2504289,1,leven,16
234,19.75046706199646,symscancli3,2504289,1,leven,16
235,298.0949444770813,symspell,4332597,1,leven,32
236,6.417223691940308,xt_neighbor,4332597,1,leven,32
237,43.91389608383179,compairr1,4332597,1,leven,32
238,10.143635034561157,compairr8,4332597,1,leven,32
239,15.355657815933228,symscancli2,4332597,1,leven,32
240,37.101171016693115,symscancli3,4332597,1,leven,32
241,12.33154821395874,xt_neighbor,8204198,1,leven,64
242,104.99017763137817,compairr1,8204198,1,leven,64
243,22.342193603515625,compairr8,8204198,1,leven,64
244,31.522944688796997,symscancli2,8204198,1,leven,64
245,76.19700503349304,symscancli3,8204198,1,leven,64
246,4.514506101608276,symspell,200405,1,leven,1
247,0.8037357330322266,xt_neighbor,200405,1,leven,1
248,0.8035812377929688,compairr1,200405,1,leven,1
249,0.2037663459777832,compairr8,200405,1,leven,1
250,0.8069250583648682,symscancli2,200405,1,leven,1
251,1.3053090572357178,symscancli3,200405,1,leven,1
252,9.228126525878906,symspell,372338,1,leven,2
253,1.0046641826629639,xt_neighbor,372338,1,leven,2
254,1.8066010475158691,compairr1,372338,1,leven,2
255,0.5047323703765869,compairr8,372338,1,leven,2
256,1.5090250968933105,symscancli2,372338,1,leven,2
257,2.609189033508301,symscancli3,372338,1,leven,2
258,28.938703060150146,symspell,678232,1,leven,4
259,1.4068236351013184,xt_neighbor,678232,1,leven,4
260,4.21368408203125,compairr1,678232,1,leven,4
261,1.0068130493164062,compairr8,678232,1,leven,4
262,2.411797523498535,symscancli2,678232,1,leven,4
263,4.915339231491089,symscancli3,678232,1,leven,4
264,58.70123648643494,symspell,1225051,1,leven,8
265,2.1085164546966553,xt_neighbor,1225051,1,leven,8
266,8.826642990112305,compairr1,1225051,1,leven,8
267,2.0127391815185547,compairr8,1225051,1,leven,8
268,4.121623277664185,symscancli2,1225051,1,leven,8
269,9.026401996612549,symscancli3,1225051,1,leven,8
270,128.94622564315796,symspell,2224811,1,leven,16
271,3.4109599590301514,xt_neighbor,2224811,1,leven,16
272,18.554746389389038,compairr1,2224811,1,leven,16
273,4.221435546875,compairr8,2224811,1,leven,16
274,7.632158279418945,symscancli2,2224811,1,leven,16
275,17.650030612945557,symscancli3,2224811,1,leven,16
276,295.0175881385803,symspell,4181857,1,leven,32
277,6.319464445114136,xt_neighbor,4181857,1,leven,32
278,42.6208336353302,compairr1,4181857,1,leven,32
279,10.150577545166016,compairr8,4181857,1,leven,32
280,15.361487865447998,symscancli2,4181857,1,leven,32
281,35.99548125267029,symscancli3,4181857,1,leven,32
282,12.533031940460205,xt_neighbor,8205975,1,leven,64
283,110.01383709907532,compairr1,8205975,1,leven,64
284,22.620644330978394,compairr8,8205975,1,leven,64
285,31.825186491012573,symscancli2,8205975,1,leven,64
286,78.3116946220398,symscancli3,8205975,1,leven,64
287,3.017665147781372,symspell,138866,1,leven,1
288,0.7041327953338623,xt_neighbor,138866,1,leven,1
289,0.6036772727966309,compairr1,138866,1,leven,1
290,0.20336079597473145,compairr8,138866,1,leven,1
291,0.6034624576568604,symscancli2,138866,1,leven,1
292,0.904597282409668,symscancli3,138866,1,leven,1
293,6.538092613220215,symspell,273235,1,leven,2
294,0.905311107635498,xt_neighbor,273235,1,leven,2
295,1.2051687240600586,compairr1,273235,1,leven,2
296,0.30352330207824707,compairr8,273235,1,leven,2
297,1.0065398216247559,symscancli2,273235,1,leven,2
298,1.8066582679748535,symscancli3,273235,1,leven,2
299,13.3322594165802,symspell,432302,1,leven,4
300,1.1050920486450195,xt_neighbor,432302,1,leven,4
301,2.307880163192749,compairr1,432302,1,leven,4
302,0.6060194969177246,compairr8,432302,1,leven,4
303,1.509821891784668,symscancli2,432302,1,leven,4
304,2.8094284534454346,symscancli3,432302,1,leven,4
305,54.04363393783569,symspell,1108997,1,leven,8
306,1.9071645736694336,xt_neighbor,1108997,1,leven,8
307,7.521365642547607,compairr1,1108997,1,leven,8
308,1.9120025634765625,compairr8,1108997,1,leven,8
309,3.6190667152404785,symscancli2,1108997,1,leven,8
310,8.023775577545166,symscancli3,1108997,1,leven,8
311,119.39611768722534,symspell,2199851,1,leven,16
312,3.310983419418335,xt_neighbor,2199851,1,leven,16
313,18.148592233657837,compairr1,2199851,1,leven,16
314,4.118971824645996,compairr8,2199851,1,leven,16
315,7.433241367340088,symscancli2,2199851,1,leven,16
316,17.146551370620728,symscancli3,2199851,1,leven,16
317,288.18086290359497,symspell,4153970,1,leven,32
318,6.218043804168701,xt_neighbor,4153970,1,leven,32
319,41.9100284576416,compairr1,4153970,1,leven,32
320,9.848210096359253,compairr8,4153970,1,leven,32
321,15.161007165908813,symscancli2,4153970,1,leven,32
322,37.405192852020264,symscancli3,4153970,1,leven,32
323,12.836860179901123,xt_neighbor,8366743,1,leven,64
324,112.32130765914917,compairr1,8366743,1,leven,64
325,23.406446933746338,compairr8,8366743,1,leven,64
326,32.2186222076416,symscancli2,8366743,1,leven,64
327,83.62339639663696,symscancli3,8366743,1,leven,64
328,6.450165510177612,symspell,208062,1,leven,1
329,0.8041548728942871,xt_neighbor,208062,1,leven,1
330,0.8036313056945801,compairr1,208062,1,leven,1
331,0.305342435836792,compairr8,208062,1,leven,1
332,0.8043351173400879,symscancli2,208062,1,leven,1
333,1.305243968963623,symscancli3,208062,1,leven,1
334,17.84299397468567,symspell,455677,1,leven,2
335,1.1048731803894043,xt_neighbor,455677,1,leven,2
336,2.307363510131836,compairr1,455677,1,leven,2
337,0.6045181751251221,compairr8,455677,1,leven,2
338,1.508821964263916,symscancli2,455677,1,leven,2
339,3.1099061965942383,symscancli3,455677,1,leven,2
340,33.35275721549988,symspell,792061,1,leven,4
341,1.5064890384674072,xt_neighbor,792061,1,leven,4
342,4.6146018505096436,compairr1,792061,1,leven,4
343,1.1061959266662598,compairr8,792061,1,leven,4
344,2.71061635017395,symscancli2,792061,1,leven,4
345,5.5167295932769775,symscancli3,792061,1,leven,4
346,56.84473967552185,symspell,1196975,1,leven,8
347,2.007952928543091,xt_neighbor,1196975,1,leven,8
348,8.224226713180542,compairr1,1196975,1,leven,8
349,1.9102346897125244,compairr8,1196975,1,leven,8
350,3.9198732376098633,symscancli2,1196975,1,leven,8
351,8.623621225357056,symscancli3,1196975,1,leven,8
352,131.81257605552673,symspell,2302643,1,leven,16
353,3.511559247970581,xt_neighbor,2302643,1,leven,16
354,19.050482034683228,compairr1,2302643,1,leven,16
355,4.420225381851196,compairr8,2302643,1,leven,16
356,7.935182571411133,symscancli2,2302643,1,leven,16
357,18.047325611114502,symscancli3,2302643,1,leven,16
358,321.47292590141296,symspell,4539951,1,leven,32
359,6.822917461395264,xt_neighbor,4539951,1,leven,32
360,47.935484170913696,compairr1,4539951,1,leven,32
361,10.748320817947388,compairr8,4539951,1,leven,32
362,16.66600227355957,symscancli2,4539951,1,leven,32
363,39.00987696647644,symscancli3,4539951,1,leven,32
364,12.936424970626831,xt_neighbor,8573313,1,leven,64
365,117.13998746871948,compairr1,8573313,1,leven,64
366,23.813838720321655,compairr8,8573313,1,leven,64
367,33.05000948905945,symscancli2,8573313,1,leven,64
368,81.11446356773376,symscancli3,8573313,1,leven,64
369,3.248741626739502,symspell,147472,1,leven,1
370,0.7042505741119385,xt_neighbor,147472,1,leven,1
371,0.6029667854309082,compairr1,147472,1,leven,1
372,0.20480918884277344,compairr8,147472,1,leven,1
373,0.7039687633514404,symscancli2,147472,1,leven,1
374,0.9046332836151123,symscancli3,147472,1,leven,1
375,8.459185123443604,symspell,290919,1,leven,2
376,0.9044361114501953,xt_neighbor,290919,1,leven,2
377,1.3046531677246094,compairr1,290919,1,leven,2
378,0.40351200103759766,compairr8,290919,1,leven,2
379,1.2066335678100586,symscancli2,290919,1,leven,2
380,1.9071080684661865,symscancli3,290919,1,leven,2
381,20.708702325820923,symspell,490802,1,leven,4
382,1.105226755142212,xt_neighbor,490802,1,leven,4
383,2.6079459190368652,compairr1,490802,1,leven,4
384,0.7057380676269531,compairr8,490802,1,leven,4
385,1.7070560455322266,symscancli2,490802,1,leven,4
386,3.3107268810272217,symscancli3,490802,1,leven,4
387,56.11935639381409,symspell,1213841,1,leven,8
388,2.0077154636383057,xt_neighbor,1213841,1,leven,8
389,8.624327659606934,compairr1,1213841,1,leven,8
390,1.9098899364471436,compairr8,1213841,1,leven,8
391,3.9188225269317627,symscancli2,1213841,1,leven,8
392,8.7246253490448,symscancli3,1213841,1,leven,8
393,134.39265847206116,symspell,2364481,1,leven,16
394,3.61043119430542,xt_neighbor,2364481,1,leven,16
395,19.754151105880737,compairr1,2364481,1,leven,16
396,4.522211313247681,compairr8,2364481,1,leven,16
397,8.034459829330444,symscancli2,2364481,1,leven,16
398,18.55232548713684,symscancli3,2364481,1,leven,16
399,313.6079595088959,symspell,4379127,1,leven,32
400,6.518195152282715,xt_neighbor,4379127,1,leven,32
401,45.221150159835815,compairr1,4379127,1,leven,32
402,10.566948175430298,compairr8,4379127,1,leven,32
403,15.958387851715088,symscancli2,4379127,1,leven,32
404,37.69569373130798,symscancli3,4379127,1,leven,32
405,12.129963874816895,xt_neighbor,8061148,1,leven,64
406,103.68667769432068,compairr1,8061148,1,leven,64
407,22.205058813095093,compairr8,8061148,1,leven,64
408,31.324820280075073,symscancli2,8061148,1,leven,64
409,75.10328006744385,symscancli3,8061148,1,leven,64
410,3.7027735710144043,symspell,168471,1,leven,1
411,0.7047412395477295,xt_neighbor,168471,1,leven,1
412,0.7032272815704346,compairr1,168471,1,leven,1
413,0.20294594764709473,compairr8,168471,1,leven,1
414,0.7048649787902832,symscancli2,168471,1,leven,1
415,1.104552984237671,symscancli3,168471,1,leven,1
416,5.367612600326538,symspell,234141,1,leven,2
417,0.8042628765106201,xt_neighbor,234141,1,leven,2
418,1.0042741298675537,compairr1,234141,1,leven,2
419,0.3062903881072998,compairr8,234141,1,leven,2
420,0.9049301147460938,symscancli2,234141,1,leven,2
421,1.506148099899292,symscancli3,234141,1,leven,2
422,19.650435209274292,symspell,596056,1,leven,4
423,1.2051427364349365,xt_neighbor,596056,1,leven,4
424,3.2100236415863037,compairr1,596056,1,leven,4
425,0.8066518306732178,compairr8,596056,1,leven,4
426,2.0103001594543457,symscancli2,596056,1,leven,4
427,4.012617826461792,symscancli3,596056,1,leven,4
428,50.79202103614807,symspell,1108134,1,leven,8
429,1.9088940620422363,xt_neighbor,1108134,1,leven,8
430,7.5220420360565186,compairr1,1108134,1,leven,8
431,1.7084660530090332,compairr8,1108134,1,leven,8
432,3.6183605194091797,symscancli2,1108134,1,leven,8
433,7.922823190689087,symscancli3,1108134,1,leven,8
434,119.47754311561584,symspell,2120276,1,leven,16
435,3.210761547088623,xt_neighbor,2120276,1,leven,16
436,16.844399452209473,compairr1,2120276,1,leven,16
437,4.219553709030151,compairr8,2120276,1,leven,16
438,7.030611991882324,symscancli2,2120276,1,leven,16
439,16.54664421081543,symscancli3,2120276,1,leven,16
440,321.33624935150146,symspell,4472714,1,leven,32
441,6.618900299072266,xt_neighbor,4472714,1,leven,32
442,47.12944483757019,compairr1,4472714,1,leven,32
443,11.169448614120483,compairr8,4472714,1,leven,32
444,17.067946672439575,symscancli2,4472714,1,leven,32
445,42.02407193183899,symscancli3,4472714,1,leven,32
446,13.741090536117554,xt_neighbor,8624085,1,leven,64
447,127.67412114143372,compairr1,8624085,1,leven,64
448,25.354745149612427,compairr8,8624085,1,leven,64
449,35.96298265457153,symscancli2,8624085,1,leven,64
450,87.16104698181152,symscancli3,8624085,1,leven,64
451,3.3062989711761475,symspell,146524,1,leven,1
452,0.7049548625946045,xt_neighbor,146524,1,leven,1
453,0.6036357879638672,compairr1,146524,1,leven,1
454,0.2029399871826172,compairr8,146524,1,leven,1
455,0.7039248943328857,symscancli2,146524,1,leven,1
456,1.0053737163543701,symscancli3,146524,1,leven,1
457,12.206059455871582,symspell,339616,1,leven,2
458,1.005338191986084,xt_neighbor,339616,1,leven,2
459,1.707144021987915,compairr1,339616,1,leven,2
460,0.505030632019043,compairr8,339616,1,leven,2
461,1.5070784091949463,symscancli2,339616,1,leven,2
462,2.4088234901428223,symscancli3,339616,1,leven,2
463,41.461541175842285,symspell,899781,1,leven,4
464,1.707343578338623,xt_neighbor,899781,1,leven,4
465,6.420023441314697,compairr1,899781,1,leven,4
466,1.5093438625335693,compairr8,899781,1,leven,4
467,3.115046977996826,symscancli2,899781,1,leven,4
468,6.922407388687134,symscancli3,899781,1,leven,4
469,86.94392800331116,symspell,1509118,1,leven,8
470,2.611164093017578,xt_neighbor,1509118,1,leven,8
471,12.840197086334229,compairr1,1509118,1,leven,8
472,2.916151523590088,compairr8,1509118,1,leven,8
473,5.627788543701172,symscancli2,1509118,1,leven,8
474,13.140954732894897,symscancli3,1509118,1,leven,8
475,166.6441011428833,symspell,2582492,1,leven,16
476,4.215519189834595,xt_neighbor,2582492,1,leven,16
477,27.480386972427368,compairr1,2582492,1,leven,16
478,5.829971790313721,compairr8,2582492,1,leven,16
479,10.257948160171509,symscancli2,2582492,1,leven,16
480,23.87592601776123,symscancli3,2582492,1,leven,16
481,406.6791138648987,symspell,4852935,1,leven,32
482,7.826869249343872,xt_neighbor,4852935,1,leven,32
483,67.10273003578186,compairr1,4852935,1,leven,32
484,13.484198570251465,compairr8,4852935,1,leven,32
485,20.47951102256775,symscancli2,4852935,1,leven,32
486,48.64783573150635,symscancli3,4852935,1,leven,32
487,14.142979621887207,xt_neighbor,8681153,1,leven,64
488,155.16938304901123,compairr1,8681153,1,leven,64
489,28.74852705001831,compairr8,8681153,1,leven,64
490,37.952481746673584,symscancli2,8681153,1,leven,64
491,94.49297642707825,symscancli3,8681153,1,leven,64
492,5.046426773071289,symspell,195359,1,leven,1
493,0.8053972721099854,xt_neighbor,195359,1,leven,1
494,1.005415916442871,compairr1,195359,1,leven,1
495,0.3037705421447754,compairr8,195359,1,leven,1
496,1.0049161911010742,symscancli2,195359,1,leven,1
497,1.5068070888519287,symscancli3,195359,1,leven,1
498,8.384217739105225,symspell,297977,1,leven,2
499,1.0060861110687256,xt_neighbor,297977,1,leven,2
500,1.7071943283081055,compairr1,297977,1,leven,2
501,0.4047541618347168,compairr8,297977,1,leven,2
502,1.309666395187378,symscancli2,297977,1,leven,2
503,2.2087440490722656,symscancli3,297977,1,leven,2
504,27.995208978652954,symspell,602991,1,leven,4
505,1.4074664115905762,xt_neighbor,602991,1,leven,4
506,4.313813209533691,compairr1,602991,1,leven,4
507,1.0080246925354004,compairr8,602991,1,leven,4
508,2.208932638168335,symscancli2,602991,1,leven,4
509,4.715590715408325,symscancli3,602991,1,leven,4
510,64.4775321483612,symspell,1211399,1,leven,8
511,2.208977460861206,xt_neighbor,1211399,1,leven,8
512,10.234583854675293,compairr1,1211399,1,leven,8
513,2.2126519680023193,compairr8,1211399,1,leven,8
514,4.625000715255737,symscancli2,1211399,1,leven,8
515,10.332708597183228,symscancli3,1211399,1,leven,8
516,153.35796976089478,symspell,2298126,1,leven,16
517,3.8145275115966797,xt_neighbor,2298126,1,leven,16
518,24.076547861099243,compairr1,2298126,1,leven,16
519,5.125568866729736,compairr8,2298126,1,leven,16
520,9.164491653442383,symscancli2,2298126,1,leven,16
521,21.570951461791992,symscancli3,2298126,1,leven,16
522,382.51063442230225,symspell,4535201,1,leven,32
523,7.324304103851318,xt_neighbor,4535201,1,leven,32
524,65.80202960968018,compairr1,4535201,1,leven,32
525,12.666497707366943,compairr8,4535201,1,leven,32
526,19.082118034362793,symscancli2,4535201,1,leven,32
527,45.74159646034241,symscancli3,4535201,1,leven,32
528,14.244753360748291,xt_neighbor,8635875,1,leven,64
529,152.26379680633545,compairr1,8635875,1,leven,64
530,28.241393089294434,compairr8,8635875,1,leven,64
531,38.38839292526245,symscancli2,8635875,1,leven,64
532,94.0894865989685,symscancli3,8635875,1,leven,64
533,8.455400705337524,symspell,294471,1,leven,1
534,1.0060687065124512,xt_neighbor,294471,1,leven,1
535,1.6073861122131348,compairr1,294471,1,leven,1
536,0.40558528900146484,compairr8,294471,1,leven,1
537,1.2082924842834473,symscancli2,294471,1,leven,1
538,2.2083122730255127,symscancli3,294471,1,leven,1
539,18.260063886642456,symspell,437324,1,leven,2
540,1.1060855388641357,xt_neighbor,437324,1,leven,2
541,2.8118107318878174,compairr1,437324,1,leven,2
542,0.7061166763305664,compairr8,437324,1,leven,2
543,1.6098136901855469,symscancli2,437324,1,leven,2
544,3.4123494625091553,symscancli3,437324,1,leven,2
545,40.88156700134277,symspell,862698,1,leven,4
546,1.7077407836914062,xt_neighbor,862698,1,leven,4
547,6.319875717163086,compairr1,862698,1,leven,4
548,1.4104628562927246,compairr8,862698,1,leven,4
549,3.01753830909729,symscancli2,862698,1,leven,4
550,6.922805547714233,symscancli3,862698,1,leven,4
551,77.49015235900879,symspell,1438534,1,leven,8
552,2.5111310482025146,xt_neighbor,1438534,1,leven,8
553,12.840662002563477,compairr1,1438534,1,leven,8
554,2.714099645614624,compairr8,1438534,1,leven,8
555,5.33104133605957,symscancli2,1438534,1,leven,8
556,12.13821005821228,symscancli3,1438534,1,leven,8
557,159.7264473438263,symspell,2581152,1,leven,16
558,4.214510679244995,xt_neighbor,2581152,1,leven,16
559,25.582067012786865,compairr1,2581152,1,leven,16
560,5.731081247329712,compairr8,2581152,1,leven,16
561,10.050192832946777,symscancli2,2581152,1,leven,16
562,23.17187237739563,symscancli3,2581152,1,leven,16
563,366.6514148712158,symspell,4613666,1,leven,32
564,7.324164628982544,xt_neighbor,4613666,1,leven,32
565,55.97482490539551,compairr1,4613666,1,leven,32
566,12.477280378341675,compairr8,4613666,1,leven,32
567,18.779633283615112,symscancli2,4613666,1,leven,32
568,45.041279315948486,symscancli3,4613666,1,leven,32
569,13.843247175216675,xt_neighbor,8560929,1,leven,64
570,141.94197249412537,compairr1,8560929,1,leven,64
571,27.470658779144287,compairr8,8560929,1,leven,64
572,36.8682074546814,symscancli2,8560929,1,leven,64
573,90.07301163673401,symscancli3,8560929,1,leven,64
574,4.968434572219849,symspell,195235,1,leven,1
575,0.8052527904510498,xt_neighbor,195235,1,leven,1
576,1.0056307315826416,compairr1,195235,1,leven,1
577,0.3039436340332031,compairr8,195235,1,leven,1
578,1.0069546699523926,symscancli2,195235,1,leven,1
579,1.4064140319824219,symscancli3,195235,1,leven,1
580,12.719152450561523,symspell,422305,1,leven,2
581,1.1058974266052246,xt_neighbor,422305,1,leven,2
582,2.5093307495117188,compairr1,422305,1,leven,2
583,0.6057050228118896,compairr8,422305,1,leven,2
584,1.509080410003662,symscancli2,422305,1,leven,2
585,3.111814498901367,symscancli3,422305,1,leven,2
586,27.267680883407593,symspell,654820,1,leven,4
587,1.4067134857177734,xt_neighbor,654820,1,leven,4
588,4.6155500411987305,compairr1,654820,1,leven,4
589,1.0079059600830078,compairr8,654820,1,leven,4
590,2.512490749359131,symscancli2,654820,1,leven,4
591,5.017933368682861,symscancli3,654820,1,leven,4
592,63.545987129211426,symspell,1172417,1,leven,8
593,2.1088619232177734,xt_neighbor,1172417,1,leven,8
594,9.3284330368042,compairr1,1172417,1,leven,8
595,2.335005521774292,compairr8,1172417,1,leven,8
596,4.223592519760132,symscancli2,1172417,1,leven,8
597,9.731636047363281,symscancli3,1172417,1,leven,8
598,134.01177287101746,symspell,2172475,1,leven,16
599,3.6139087677001953,xt_neighbor,2172475,1,leven,16
600,20.26313304901123,compairr1,2172475,1,leven,16
601,4.95431661605835,compairr8,2172475,1,leven,16
602,8.139512777328491,symscancli2,2172475,1,leven,16
603,19.56061816215515,symscancli3,2172475,1,leven,16
604,333.73466658592224,symspell,4191496,1,leven,32
605,6.722911357879639,xt_neighbor,4191496,1,leven,32
606,49.14645838737488,compairr1,4191496,1,leven,32
607,11.154882669448853,compairr8,4191496,1,leven,32
608,16.76917266845703,symscancli2,4191496,1,leven,32
609,40.22529435157776,symscancli3,4191496,1,leven,32
610,13.243587970733643,xt_neighbor,8103786,1,leven,64
611,129.49344730377197,compairr1,8103786,1,leven,64
612,25.631877660751343,compairr8,8103786,1,leven,64
613,34.64443564414978,symscancli2,8103786,1,leven,64
614,85.25979328155518,symscancli3,8103786,1,leven,64