,runtime,algorithm,n_sequence,distance,measure,n_repertoire
0,31.59577703475952,symspell,407713,1,hamming,2
1,1.8206024169921875,compairr,407713,1,hamming,2
2,73.29865026473999,symspell,765218,1,hamming,4
3,4.4404296875,compairr,765218,1,hamming,4
4,237.3195629119873,symspell,1601656,1,hamming,8
5,15.308040618896484,compairr,1601656,1,hamming,8
6,735.1847801208496,symspell,2902861,1,hamming,16
7,44.254178524017334,compairr,2902861,1,hamming,16
8,154.45726895332336,compairr,5753574,1,hamming,32
9,575.4235203266144,compairr,11968694,1,hamming,64
10,31.60984444618225,symspell,407713,1,hamming,2
11,1.8202178478240967,compairr,407713,1,hamming,2
12,78.87328028678894,symspell,765218,1,hamming,4
13,4.5397419929504395,compairr,765218,1,hamming,4
14,243.69475960731506,symspell,1601656,1,hamming,8
15,16.61384344100952,compairr,1601656,1,hamming,8
16,783.961829662323,symspell,2902861,1,hamming,16
17,53.09029269218445,compairr,2902861,1,hamming,16
18,178.53382015228271,compairr,5753574,1,hamming,32
19,673.7589230537415,compairr,11968694,1,hamming,64
20,29.5101318359375,symspell,407713,1,hamming,2
21,1.8248906135559082,compairr,407713,1,hamming,2
22,77.61489939689636,symspell,765218,1,hamming,4
23,4.5559821128845215,compairr,765218,1,hamming,4
24,249.90097665786743,symspell,1601656,1,hamming,8
25,16.205321311950684,compairr,1601656,1,hamming,8
26,784.4167985916138,symspell,2902861,1,hamming,16
27,55.73612999916077,compairr,2902861,1,hamming,16
28,181.15888285636902,compairr,5753574,1,hamming,32
29,680.5496151447296,compairr,11968694,1,hamming,64
30,29.242586135864258,symspell,407713,1,hamming,2
31,1.8240349292755127,compairr,407713,1,hamming,2
32,78.4952085018158,symspell,765218,1,hamming,4
33,5.221551895141602,compairr,765218,1,hamming,4
34,251.28846096992493,symspell,1601656,1,hamming,8
35,18.221553087234497,compairr,1601656,1,hamming,8
36,799.4361939430237,symspell,2902861,1,hamming,16
37,56.09857439994812,compairr,2902861,1,hamming,16
38,190.54120087623596,compairr,5753574,1,hamming,32
39,713.7549185752869,compairr,11968694,1,hamming,64
40,32.08684420585632,symspell,407713,1,hamming,2
41,1.9264767169952393,compairr,407713,1,hamming,2
42,82.91663694381714,symspell,765218,1,hamming,4
43,4.9383111000061035,compairr,765218,1,hamming,4
44,254.4972207546234,symspell,1601656,1,hamming,8
45,16.20573925971985,compairr,1601656,1,hamming,8
46,804.1117885112762,symspell,2902861,1,hamming,16
47,57.843297481536865,compairr,2902861,1,hamming,16
48,192.75669956207275,compairr,5753574,1,hamming,32
49,719.6572332382202,compairr,11968694,1,hamming,64
50,29.94267773628235,symspell,407713,1,hamming,2
51,1.8200933933258057,compairr,407713,1,hamming,2
52,79.53132247924805,symspell,765218,1,hamming,4
53,4.843698501586914,compairr,765218,1,hamming,4
54,257.5870711803436,symspell,1601656,1,hamming,8
55,18.232152223587036,compairr,1601656,1,hamming,8
56,806.7948610782623,symspell,2902861,1,hamming,16
57,54.99492001533508,compairr,2902861,1,hamming,16
58,195.85693216323853,compairr,5753574,1,hamming,32
59,724.5917947292328,compairr,11968694,1,hamming,64
60,29.75105571746826,symspell,407713,1,hamming,2
61,2.0231692790985107,compairr,407713,1,hamming,2
62,82.99311423301697,symspell,765218,1,hamming,4
63,4.94945764541626,compairr,765218,1,hamming,4
64,260.36566519737244,symspell,1601656,1,hamming,8
65,17.405096530914307,compairr,1601656,1,hamming,8
66,793.5034568309784,symspell,2902861,1,hamming,16
67,56.29941463470459,compairr,2902861,1,hamming,16
68,198.56699919700623,compairr,5753574,1,hamming,32
69,714.9571821689606,compairr,11968694,1,hamming,64
70,33.58975100517273,symspell,407713,1,leven,2
71,3.1334006786346436,compairr,407713,1,leven,2
72,87.6001787185669,symspell,765218,1,leven,4
73,7.5612335205078125,compairr,765218,1,leven,4
74,282.48146295547485,symspell,1601656,1,leven,8
75,27.460530757904053,compairr,1601656,1,leven,8
76,940.1032857894897,symspell,2902861,1,leven,16
77,88.14773678779602,compairr,2902861,1,leven,16
78,317.4754436016083,compairr,5753574,1,leven,32
79,1145.6074402332306,compairr,11968694,1,leven,64
80,32.974432706832886,symspell,407713,1,leven,2
81,3.5352859497070312,compairr,407713,1,leven,2
82,87.70518612861633,symspell,765218,1,leven,4
83,7.854026794433594,compairr,765218,1,leven,4
84,291.98255372047424,symspell,1601656,1,leven,8
85,29.896148443222046,compairr,1601656,1,leven,8
86,952.2421128749847,symspell,2902861,1,leven,16
87,89.55981683731079,compairr,2902861,1,leven,16
88,325.7198677062988,compairr,5753574,1,leven,32
89,1170.0452377796173,compairr,11968694,1,leven,64
90,33.998656272888184,symspell,407713,1,leven,2
91,3.2314388751983643,compairr,407713,1,leven,2
92,89.50229287147522,symspell,765218,1,leven,4
93,8.060730457305908,compairr,765218,1,leven,4
94,285.548645734787,symspell,1601656,1,leven,8
95,27.964569807052612,compairr,1601656,1,leven,8
96,951.4620161056519,symspell,2902861,1,leven,16
97,90.75279355049133,compairr,2902861,1,leven,16
98,322.3062665462494,compairr,5753574,1,leven,32
99,1175.512167930603,compairr,11968694,1,leven,64
100,33.87645125389099,symspell,407713,1,leven,2
101,3.139644145965576,compairr,407713,1,leven,2
102,86.60332131385803,symspell,765218,1,leven,4
103,7.758680582046509,compairr,765218,1,leven,4
104,284.98704504966736,symspell,1601656,1,leven,8
105,27.963573694229126,compairr,1601656,1,leven,8
106,954.1568109989166,symspell,2902861,1,leven,16
107,90.86430239677429,compairr,2902861,1,leven,16
108,318.2796013355255,compairr,5753574,1,leven,32
109,1181.670330286026,compairr,11968694,1,leven,64
110,30.140812397003174,symspell,407713,1,leven,2
111,3.232167959213257,compairr,407713,1,leven,2
112,89.71523594856262,symspell,765218,1,leven,4
113,7.762735366821289,compairr,765218,1,leven,4
114,291.6651999950409,symspell,1601656,1,leven,8
115,28.468796491622925,compairr,1601656,1,leven,8
116,954.1684701442719,symspell,2902861,1,leven,16
117,96.90650463104248,compairr,2902861,1,leven,16
118,338.08936834335327,compairr,5753574,1,leven,32
119,1192.4862043857574,compairr,11968694,1,leven,64
120,33.678699254989624,symspell,407713,1,leven,2
121,3.1263797283172607,compairr,407713,1,leven,2
122,87.78959941864014,symspell,765218,1,leven,4
123,7.760413408279419,compairr,765218,1,leven,4
124,287.7686150074005,symspell,1601656,1,leven,8
125,28.379695653915405,compairr,1601656,1,leven,8
126,951.1161181926727,symspell,2902861,1,leven,16
127,89.1342842578888,compairr,2902861,1,leven,16
128,318.0906648635864,compairr,5753574,1,leven,32
129,1145.2543723583221,compairr,11968694,1,leven,64
130,32.07055187225342,symspell,407713,1,leven,2
131,3.1352250576019287,compairr,407713,1,leven,2
132,86.61411952972412,symspell,765218,1,leven,4
133,7.757339715957642,compairr,765218,1,leven,4
134,288.064204454422,symspell,1601656,1,leven,8
135,26.9580340385437,compairr,1601656,1,leven,8
136,946.9281754493713,symspell,2902861,1,leven,16
137,87.03249001502991,compairr,2902861,1,leven,16
138,326.4707028865814,compairr,5753574,1,leven,32
139,1152.1560363769531,compairr,11968694,1,leven,64
140,31.2006893157959,symspell,407713,2,hamming,2
141,119.28033781051636,compairr,407713,2,hamming,2
142,82.58542013168335,symspell,765218,2,hamming,4
143,253.69258832931519,compairr,765218,2,hamming,4
144,264.9422791004181,symspell,1601656,2,hamming,8
145,681.3249113559723,compairr,1601656,2,hamming,8
146,802.3235411643982,symspell,2902861,2,hamming,16
147,1817.3395884037018,compairr,2902861,2,hamming,16
148,34.6478066444397,symspell,407713,2,hamming,2
149,118.55952024459839,compairr,407713,2,hamming,2
150,78.45363068580627,symspell,765218,2,hamming,4
151,251.77041935920715,compairr,765218,2,hamming,4
152,255.57670879364014,symspell,1601656,2,hamming,8
153,707.5754001140594,compairr,1601656,2,hamming,8
154,817.945394039154,symspell,2902861,2,hamming,16
155,1905.4446876049042,compairr,2902861,2,hamming,16
156,33.70418739318848,symspell,407713,2,hamming,2
157,120.78344655036926,compairr,407713,2,hamming,2
158,80.30214262008667,symspell,765218,2,hamming,4
159,252.99292588233948,compairr,765218,2,hamming,4
160,250.31474995613098,symspell,1601656,2,hamming,8
161,696.8936743736267,compairr,1601656,2,hamming,8
162,814.5711646080017,symspell,2902861,2,hamming,16
163,1837.0464038848877,compairr,2902861,2,hamming,16
164,28.29051160812378,symspell,407713,2,hamming,2
165,119.5718936920166,compairr,407713,2,hamming,2
166,81.14834833145142,symspell,765218,2,hamming,4
167,252.76330161094666,compairr,765218,2,hamming,4
168,251.6476891040802,symspell,1601656,2,hamming,8
169,706.346622467041,compairr,1601656,2,hamming,8
170,804.6339826583862,symspell,2902861,2,hamming,16
171,1846.9480845928192,compairr,2902861,2,hamming,16
172,33.92845869064331,symspell,407713,2,hamming,2
173,120.78180074691772,compairr,407713,2,hamming,2
174,77.60416531562805,symspell,765218,2,hamming,4
175,255.80469274520874,compairr,765218,2,hamming,4
176,251.41197156906128,symspell,1601656,2,hamming,8
177,680.6683144569397,compairr,1601656,2,hamming,8
178,810.3974695205688,symspell,2902861,2,hamming,16
179,1968.3107459545135,compairr,2902861,2,hamming,16
180,34.52324867248535,symspell,407713,2,hamming,2
181,125.17350101470947,compairr,407713,2,hamming,2
182,86.8030276298523,symspell,765218,2,hamming,4
183,259.433162689209,compairr,765218,2,hamming,4
184,260.97922015190125,symspell,1601656,2,hamming,8
185,712.3598845005035,compairr,1601656,2,hamming,8
186,816.2293126583099,symspell,2902861,2,hamming,16
187,1947.3739573955536,compairr,2902861,2,hamming,16
188,35.51408076286316,symspell,407713,2,hamming,2
189,122.60751557350159,compairr,407713,2,hamming,2
190,84.35587644577026,symspell,765218,2,hamming,4
191,261.0407485961914,compairr,765218,2,hamming,4
192,261.48738408088684,symspell,1601656,2,hamming,8
193,738.781699180603,compairr,1601656,2,hamming,8
194,817.364280462265,symspell,2902861,2,hamming,16
195,2000.9344716072083,compairr,2902861,2,hamming,16
0,28.032585859298706,symspell,407713,1,hamming,2
1,1.6186864376068115,compairr,407713,1,hamming,2
2,66.4804322719574,symspell,765218,1,hamming,4
3,3.832414388656616,compairr,765218,1,hamming,4
4,216.29007005691528,symspell,1601656,1,hamming,8
5,12.780682802200317,compairr,1601656,1,hamming,8
6,685.5630795955658,symspell,2902861,1,hamming,16
7,38.20969915390015,compairr,2902861,1,hamming,16
8,128.42381310462952,compairr,5753574,1,hamming,32
9,473.43169593811035,compairr,11968694,1,hamming,64
10,27.924242973327637,symspell,407713,1,hamming,2
11,1.7206392288208008,compairr,407713,1,hamming,2
12,70.65894818305969,symspell,765218,1,hamming,4
13,4.238440990447998,compairr,765218,1,hamming,4
14,232.90346121788025,symspell,1601656,1,hamming,8
15,14.090026378631592,compairr,1601656,1,hamming,8
16,758.5954265594482,symspell,2902861,1,hamming,16
17,57.21708416938782,compairr,2902861,1,hamming,16
18,177.09197902679443,compairr,5753574,1,hamming,32
19,558.1476249694824,compairr,11968694,1,hamming,64
20,26.434099912643433,symspell,407713,1,hamming,2
21,1.8194355964660645,compairr,407713,1,hamming,2
22,75.55791878700256,symspell,765218,1,hamming,4
23,4.339311838150024,compairr,765218,1,hamming,4
24,243.21900844573975,symspell,1601656,1,hamming,8
25,13.885288953781128,compairr,1601656,1,hamming,8
26,728.4710328578949,symspell,2902861,1,hamming,16
27,43.233587980270386,compairr,2902861,1,hamming,16
28,147.62043809890747,compairr,5753574,1,hamming,32
29,565.5302851200104,compairr,11968694,1,hamming,64
30,30.645148754119873,symspell,407713,1,hamming,2
31,1.7221472263336182,compairr,407713,1,hamming,2
32,75.59313464164734,symspell,765218,1,hamming,4
33,4.137391567230225,compairr,765218,1,hamming,4
34,233.81952452659607,symspell,1601656,1,hamming,8
35,14.189144134521484,compairr,1601656,1,hamming,8
36,778.8768582344055,symspell,2902861,1,hamming,16
37,52.60056257247925,compairr,2902861,1,hamming,16
38,169.40498685836792,compairr,5753574,1,hamming,32
39,651.6177849769592,compairr,11968694,1,hamming,64
40,32.002527952194214,symspell,407713,1,hamming,2
41,1.822664737701416,compairr,407713,1,hamming,2
42,79.27501702308655,symspell,765218,1,hamming,4
43,4.442868709564209,compairr,765218,1,hamming,4
44,241.37387919425964,symspell,1601656,1,hamming,8
45,14.390046834945679,compairr,1601656,1,hamming,8
46,752.7265386581421,symspell,2902861,1,hamming,16
47,46.04409980773926,compairr,2902861,1,hamming,16
48,166.27481865882874,compairr,5753574,1,hamming,32
49,677.8561277389526,compairr,11968694,1,hamming,64
50,29.596809148788452,symspell,407713,1,hamming,2
51,2.0216429233551025,compairr,407713,1,hamming,2
52,75.94491028785706,symspell,765218,1,hamming,4
53,5.54895544052124,compairr,765218,1,hamming,4
54,275.62492990493774,symspell,1601656,1,hamming,8
55,15.393995761871338,compairr,1601656,1,hamming,8
56,794.5353481769562,symspell,2902861,1,hamming,16
57,55.59230875968933,compairr,2902861,1,hamming,16
58,176.36435461044312,compairr,5753574,1,hamming,32
59,682.793595790863,compairr,11968694,1,hamming,64
60,31.54830813407898,symspell,407713,1,hamming,2
61,1.8216586112976074,compairr,407713,1,hamming,2
62,79.40481925010681,symspell,765218,1,hamming,4
63,4.738013505935669,compairr,765218,1,hamming,4
64,305.4330816268921,symspell,1601656,1,hamming,8
65,23.304200410842896,compairr,1601656,1,hamming,8
66,875.8055863380432,symspell,2902861,1,hamming,16
67,52.37630558013916,compairr,2902861,1,hamming,16
68,182.70183992385864,compairr,5753574,1,hamming,32
69,649.0965745449066,compairr,11968694,1,hamming,64
70,33.19627285003662,symspell,407713,1,leven,2
71,3.127599000930786,compairr,407713,1,leven,2
72,88.82134628295898,symspell,765218,1,leven,4
73,9.597088813781738,compairr,765218,1,leven,4
74,278.2065169811249,symspell,1601656,1,leven,8
75,27.561403036117554,compairr,1601656,1,leven,8
76,917.8076794147491,symspell,2902861,1,leven,16
77,77.68872237205505,compairr,2902861,1,leven,16
78,255.99968457221985,compairr,5753574,1,leven,32
79,1252.623411655426,compairr,11968694,1,leven,64
80,47.18508434295654,symspell,407713,1,leven,2
81,4.257104396820068,compairr,407713,1,leven,2
82,110.20428800582886,symspell,765218,1,leven,4
83,13.351583242416382,compairr,765218,1,leven,4
84,352.79317116737366,symspell,1601656,1,leven,8
85,31.805492162704468,compairr,1601656,1,leven,8
86,1013.7613670825958,symspell,2902861,1,leven,16
87,98.15857172012329,compairr,2902861,1,leven,16
88,338.40478253364563,compairr,5753574,1,leven,32
89,1359.2456533908844,compairr,11968694,1,leven,64
90,30.59419846534729,symspell,407713,1,leven,2
91,3.436115264892578,compairr,407713,1,leven,2
92,90.67470622062683,symspell,765218,1,leven,4
93,8.467122554779053,compairr,765218,1,leven,4
94,275.93702840805054,symspell,1601656,1,leven,8
95,24.156941175460815,compairr,1601656,1,leven,8
96,893.5971744060516,symspell,2902861,1,leven,16
97,78.2969810962677,compairr,2902861,1,leven,16
98,259.6099214553833,compairr,5753574,1,leven,32
99,957.1002986431122,compairr,11968694,1,leven,64
100,27.959596633911133,symspell,407713,1,leven,2
101,3.0373051166534424,compairr,407713,1,leven,2
102,84.08740329742432,symspell,765218,1,leven,4
103,7.356532335281372,compairr,765218,1,leven,4
104,272.144602060318,symspell,1601656,1,leven,8
105,24.44630742073059,compairr,1601656,1,leven,8
106,935.933572769165,symspell,2902861,1,leven,16
107,81.78861904144287,compairr,2902861,1,leven,16
108,330.22506737709045,compairr,5753574,1,leven,32
109,1165.926197528839,compairr,11968694,1,leven,64
110,32.61790585517883,symspell,407713,1,leven,2
111,3.128849983215332,compairr,407713,1,leven,2
112,85.5867030620575,symspell,765218,1,leven,4
113,7.554455041885376,compairr,765218,1,leven,4
114,282.334431886673,symspell,1601656,1,leven,8
115,31.083486318588257,compairr,1601656,1,leven,8
116,933.0314192771912,symspell,2902861,1,leven,16
117,83.61288619041443,compairr,2902861,1,leven,16
118,292.854336977005,compairr,5753574,1,leven,32
119,1056.4439079761505,compairr,11968694,1,leven,64
120,34.05240535736084,symspell,407713,1,leven,2
121,3.1273467540740967,compairr,407713,1,leven,2
122,85.05676627159119,symspell,765218,1,leven,4
123,7.549840450286865,compairr,765218,1,leven,4
124,281.48979663848877,symspell,1601656,1,leven,8
125,26.862685680389404,compairr,1601656,1,leven,8
126,941.7904982566833,symspell,2902861,1,leven,16
127,82.70215058326721,compairr,2902861,1,leven,16
128,277.9927213191986,compairr,5753574,1,leven,32
129,1055.942093372345,compairr,11968694,1,leven,64
130,33.75754523277283,symspell,407713,1,leven,2
131,3.132032632827759,compairr,407713,1,leven,2
132,86.39998292922974,symspell,765218,1,leven,4
133,7.752097129821777,compairr,765218,1,leven,4
134,285.8279092311859,symspell,1601656,1,leven,8
135,30.67303156852722,compairr,1601656,1,leven,8
136,934.017751455307,symspell,2902861,1,leven,16
137,98.67133474349976,compairr,2902861,1,leven,16
138,283.2988727092743,compairr,5753574,1,leven,32
139,1046.2005512714386,compairr,11968694,1,leven,64
140,29.437533378601074,symspell,407713,2,hamming,2
141,117.87545657157898,compairr,407713,2,hamming,2
142,78.82382559776306,symspell,765218,2,hamming,4
143,251.45733833312988,compairr,765218,2,hamming,4
144,247.02222323417664,symspell,1601656,2,hamming,8
145,667.1542081832886,compairr,1601656,2,hamming,8
146,800.2439303398132,symspell,2902861,2,hamming,16
147,1907.7311313152313,compairr,2902861,2,hamming,16
148,27.626516103744507,symspell,407713,2,hamming,2
149,119.6973283290863,compairr,407713,2,hamming,2
150,80.57389426231384,symspell,765218,2,hamming,4
151,257.10259556770325,compairr,765218,2,hamming,4
152,261.64571166038513,symspell,1601656,2,hamming,8
153,768.274923324585,compairr,1601656,2,hamming,8
154,842.5343766212463,symspell,2902861,2,hamming,16
155,1828.6121797561646,compairr,2902861,2,hamming,16
156,28.39507746696472,symspell,407713,2,hamming,2
157,119.16356945037842,compairr,407713,2,hamming,2
158,80.3639600276947,symspell,765218,2,hamming,4
159,256.1810519695282,compairr,765218,2,hamming,4
160,257.7633216381073,symspell,1601656,2,hamming,8
161,704.4266192913055,compairr,1601656,2,hamming,8
162,807.1648237705231,symspell,2902861,2,hamming,16
163,1751.872317790985,compairr,2902861,2,hamming,16
164,32.07776713371277,symspell,407713,2,hamming,2
165,118.4709963798523,compairr,407713,2,hamming,2
166,79.17969942092896,symspell,765218,2,hamming,4
167,250.1739420890808,compairr,765218,2,hamming,4
168,251.26500940322876,symspell,1601656,2,hamming,8
169,660.3059272766113,compairr,1601656,2,hamming,8
170,802.2754094600677,symspell,2902861,2,hamming,16
171,1719.4242188930511,compairr,2902861,2,hamming,16
172,31.722715854644775,symspell,407713,2,hamming,2
173,119.19076609611511,compairr,407713,2,hamming,2
174,77.82893443107605,symspell,765218,2,hamming,4
175,255.52088356018066,compairr,765218,2,hamming,4
176,257.010724067688,symspell,1601656,2,hamming,8
177,664.6653122901917,compairr,1601656,2,hamming,8
178,796.5733902454376,symspell,2902861,2,hamming,16
179,2073.6698327064514,compairr,2902861,2,hamming,16
180,34.122711420059204,symspell,407713,2,hamming,2
181,125.24669766426086,compairr,407713,2,hamming,2
182,84.87335681915283,symspell,765218,2,hamming,4
183,273.4352512359619,compairr,765218,2,hamming,4
184,270.2699782848358,symspell,1601656,2,hamming,8
185,835.9496920108795,compairr,1601656,2,hamming,8
186,872.4210333824158,symspell,2902861,2,hamming,16
187,2178.030559539795,compairr,2902861,2,hamming,16
188,30.905352115631104,symspell,407713,2,hamming,2
189,120.8800048828125,compairr,407713,2,hamming,2
190,78.05635619163513,symspell,765218,2,hamming,4
191,269.37519693374634,compairr,765218,2,hamming,4
192,272.92242789268494,symspell,1601656,2,hamming,8
193,943.2418382167816,compairr,1601656,2,hamming,8
194,854.0223166942596,symspell,2902861,2,hamming,16
195,2151.029116153717,compairr,2902861,2,hamming,16
0,35.664116859436035,symspell,407713,1,hamming,2
1,2.024047613143921,compairr,407713,1,hamming,2
2,82.12416434288025,symspell,765218,1,hamming,4
3,4.850327968597412,compairr,765218,1,hamming,4
4,267.90191674232483,symspell,1601656,1,hamming,8
5,17.113750219345093,compairr,1601656,1,hamming,8
6,828.2382218837738,symspell,2902861,1,hamming,16
7,55.30971431732178,compairr,2902861,1,hamming,16
8,193.61646723747253,compairr,5753574,1,hamming,32
9,770.8925271034241,compairr,11968694,1,hamming,64
10,35.86942982673645,symspell,407713,1,hamming,2
11,2.131364583969116,compairr,407713,1,hamming,2
12,91.8149356842041,symspell,765218,1,hamming,4
13,5.518720388412476,compairr,765218,1,hamming,4
14,293.26663184165955,symspell,1601656,1,hamming,8
15,23.17156410217285,compairr,1601656,1,hamming,8
16,879.4884359836578,symspell,2902861,1,hamming,16
17,64.30732774734497,compairr,2902861,1,hamming,16
18,234.5287971496582,compairr,5753574,1,hamming,32
19,841.296788930893,compairr,11968694,1,hamming,64
20,34.81198453903198,symspell,407713,1,hamming,2
21,2.32916522026062,compairr,407713,1,hamming,2
22,98.6040198802948,symspell,765218,1,hamming,4
23,6.569286346435547,compairr,765218,1,hamming,4
24,316.4971516132355,symspell,1601656,1,hamming,8
25,24.47094178199768,compairr,1601656,1,hamming,8
26,960.2162518501282,symspell,2902861,1,hamming,16
27,71.75396609306335,compairr,2902861,1,hamming,16
28,234.0030300617218,compairr,5753574,1,hamming,32
29,839.3403568267822,compairr,11968694,1,hamming,64
30,30.898424863815308,symspell,407713,1,hamming,2
31,2.1308341026306152,compairr,407713,1,hamming,2
32,93.1956787109375,symspell,765218,1,hamming,4
33,7.073700428009033,compairr,765218,1,hamming,4
34,312.3420877456665,symspell,1601656,1,hamming,8
35,23.783770084381104,compairr,1601656,1,hamming,8
36,964.0371136665344,symspell,2902861,1,hamming,16
37,74.2202479839325,compairr,2902861,1,hamming,16
38,234.4802324771881,compairr,5753574,1,hamming,32
39,822.5441870689392,compairr,11968694,1,hamming,64
40,36.605586528778076,symspell,407713,1,hamming,2
41,3.3619937896728516,compairr,407713,1,hamming,2
42,98.6086220741272,symspell,765218,1,hamming,4
43,6.874312162399292,compairr,765218,1,hamming,4
44,303.749187707901,symspell,1601656,1,hamming,8
45,22.670481204986572,compairr,1601656,1,hamming,8
46,944.9434804916382,symspell,2902861,1,hamming,16
47,65.50663542747498,compairr,2902861,1,hamming,16
48,221.04515957832336,compairr,5753574,1,hamming,32
49,747.1290290355682,compairr,11968694,1,hamming,64
50,28.143033742904663,symspell,407713,1,hamming,2
51,1.8280110359191895,compairr,407713,1,hamming,2
52,82.98185682296753,symspell,765218,1,hamming,4
53,4.745612382888794,compairr,765218,1,hamming,4
54,282.20209074020386,symspell,1601656,1,hamming,8
55,17.83124566078186,compairr,1601656,1,hamming,8
56,868.8754699230194,symspell,2902861,1,hamming,16
57,59.440086364746094,compairr,2902861,1,hamming,16
58,189.29408431053162,compairr,5753574,1,hamming,32
59,727.2054781913757,compairr,11968694,1,hamming,64
60,35.741989850997925,symspell,407713,1,hamming,2
61,2.8403701782226562,compairr,407713,1,hamming,2
62,89.90463900566101,symspell,765218,1,hamming,4
63,4.9411187171936035,compairr,765218,1,hamming,4
64,283.8246819972992,symspell,1601656,1,hamming,8
65,19.543739557266235,compairr,1601656,1,hamming,8
66,889.2498795986176,symspell,2902861,1,hamming,16
67,62.807271242141724,compairr,2902861,1,hamming,16
68,210.09946823120117,compairr,5753574,1,hamming,32
69,779.9979815483093,compairr,11968694,1,hamming,64
70,28.97228455543518,symspell,407713,1,hamming,2
71,1.9262306690216064,compairr,407713,1,hamming,2
72,87.03177738189697,symspell,765218,1,hamming,4
73,4.744597434997559,compairr,765218,1,hamming,4
74,278.5776524543762,symspell,1601656,1,hamming,8
75,18.532259941101074,compairr,1601656,1,hamming,8
76,866.6661646366119,symspell,2902861,1,hamming,16
77,57.953575134277344,compairr,2902861,1,hamming,16
78,204.2080442905426,compairr,5753574,1,hamming,32
79,747.6633055210114,compairr,11968694,1,hamming,64
80,37.63225436210632,symspell,407713,1,leven,2
81,3.232081174850464,compairr,407713,1,leven,2
82,93.35026812553406,symspell,765218,1,leven,4
83,8.16531229019165,compairr,765218,1,leven,4
84,317.4696810245514,symspell,1601656,1,leven,8
85,29.585716485977173,compairr,1601656,1,leven,8
86,1001.0026140213013,symspell,2902861,1,leven,16
87,90.28793048858643,compairr,2902861,1,leven,16
88,320.2069184780121,compairr,5753574,1,leven,32
89,1201.7839889526367,compairr,11968694,1,leven,64
90,36.36258625984192,symspell,407713,1,leven,2
91,3.2353086471557617,compairr,407713,1,leven,2
92,91.16010332107544,symspell,765218,1,leven,4
93,7.9589173793792725,compairr,765218,1,leven,4
94,307.1019458770752,symspell,1601656,1,leven,8
95,28.568496465682983,compairr,1601656,1,leven,8
96,998.5418066978455,symspell,2902861,1,leven,16
97,93.62230610847473,compairr,2902861,1,leven,16
98,324.83365869522095,compairr,5753574,1,leven,32
99,1164.5620057582855,compairr,11968694,1,leven,64
100,35.81989669799805,symspell,407713,1,leven,2
101,3.229879140853882,compairr,407713,1,leven,2
102,87.47178030014038,symspell,765218,1,leven,4
103,7.659904718399048,compairr,765218,1,leven,4
104,294.82206439971924,symspell,1601656,1,leven,8
105,28.184849500656128,compairr,1601656,1,leven,8
106,978.7803721427917,symspell,2902861,1,leven,16
107,84.74491667747498,compairr,2902861,1,leven,16
108,292.96095633506775,compairr,5753574,1,leven,32
109,1154.6911461353302,compairr,11968694,1,leven,64
110,36.77866005897522,symspell,407713,1,leven,2
111,3.1339304447174072,compairr,407713,1,leven,2
112,91.79621291160583,symspell,765218,1,leven,4
113,8.06541132926941,compairr,765218,1,leven,4
114,307.9544849395752,symspell,1601656,1,leven,8
115,29.18234896659851,compairr,1601656,1,leven,8
116,990.2884018421173,symspell,2902861,1,leven,16
117,88.46755170822144,compairr,2902861,1,leven,16
118,301.3900077342987,compairr,5753574,1,leven,32
119,1130.7390320301056,compairr,11968694,1,leven,64
120,30.311830282211304,symspell,407713,1,leven,2
121,3.1312146186828613,compairr,407713,1,leven,2
122,87.49453043937683,symspell,765218,1,leven,4
123,7.6625447273254395,compairr,765218,1,leven,4
124,291.7968850135803,symspell,1601656,1,leven,8
125,29.488245487213135,compairr,1601656,1,leven,8
126,961.9190459251404,symspell,2902861,1,leven,16
127,89.25495409965515,compairr,2902861,1,leven,16
128,308.6768364906311,compairr,5753574,1,leven,32
129,1148.2608680725098,compairr,11968694,1,leven,64
130,31.534969091415405,symspell,407713,1,leven,2
131,3.1307342052459717,compairr,407713,1,leven,2
132,87.18054103851318,symspell,765218,1,leven,4
133,9.702478885650635,compairr,765218,1,leven,4
134,303.9105212688446,symspell,1601656,1,leven,8
135,27.173853874206543,compairr,1601656,1,leven,8
136,960.6247134208679,symspell,2902861,1,leven,16
137,89.75409650802612,compairr,2902861,1,leven,16
138,306.1493561267853,compairr,5753574,1,leven,32
139,1138.0318109989166,compairr,11968694,1,leven,64
140,36.12399387359619,symspell,407713,1,leven,2
141,3.131763219833374,compairr,407713,1,leven,2
142,88.23823261260986,symspell,765218,1,leven,4
143,7.762004137039185,compairr,765218,1,leven,4
144,281.83674359321594,symspell,1601656,1,leven,8
145,27.466031551361084,compairr,1601656,1,leven,8
146,968.7443277835846,symspell,2902861,1,leven,16
147,90.16084265708923,compairr,2902861,1,leven,16
148,314.2499854564667,compairr,5753574,1,leven,32
149,1154.41073012352,compairr,11968694,1,leven,64
150,29.499422311782837,symspell,407713,1,leven,2
151,3.2295970916748047,compairr,407713,1,leven,2
152,88.30014657974243,symspell,765218,1,leven,4
153,7.851816177368164,compairr,765218,1,leven,4
154,299.1466739177704,symspell,1601656,1,leven,8
155,28.779828548431396,compairr,1601656,1,leven,8
156,966.7776906490326,symspell,2902861,1,leven,16
157,87.75481605529785,compairr,2902861,1,leven,16
158,306.6208038330078,compairr,5753574,1,leven,32
159,1128.4888966083527,compairr,11968694,1,leven,64
160,31.24516749382019,symspell,407713,2,hamming,2
161,120.28362393379211,compairr,407713,2,hamming,2
162,80.25761008262634,symspell,765218,2,hamming,4
163,259.6010458469391,compairr,765218,2,hamming,4
164,282.09864115715027,symspell,1601656,2,hamming,8
165,702.7106280326843,compairr,1601656,2,hamming,8
166,841.0230629444122,symspell,2902861,2,hamming,16
167,1896.342010974884,compairr,2902861,2,hamming,16
168,28.44727396965027,symspell,407713,2,hamming,2
169,119.80414366722107,compairr,407713,2,hamming,2
170,79.9175636768341,symspell,765218,2,hamming,4
171,255.48307824134827,compairr,765218,2,hamming,4
172,268.82668805122375,symspell,1601656,2,hamming,8
173,708.8668427467346,compairr,1601656,2,hamming,8
174,835.4219927787781,symspell,2902861,2,hamming,16
175,1887.606824874878,compairr,2902861,2,hamming,16
176,29.037606239318848,symspell,407713,2,hamming,2
177,120.98746824264526,compairr,407713,2,hamming,2
178,82.98206830024719,symspell,765218,2,hamming,4
179,260.84407806396484,compairr,765218,2,hamming,4
180,272.2784662246704,symspell,1601656,2,hamming,8
181,751.5752122402191,compairr,1601656,2,hamming,8
182,851.8423492908478,symspell,2902861,2,hamming,16
183,1993.9061315059662,compairr,2902861,2,hamming,16
184,34.32344603538513,symspell,407713,2,hamming,2
185,122.72974586486816,compairr,407713,2,hamming,2
186,84.06653261184692,symspell,765218,2,hamming,4
187,257.8177261352539,compairr,765218,2,hamming,4
188,267.3100914955139,symspell,1601656,2,hamming,8
189,733.1566667556763,compairr,1601656,2,hamming,8
190,862.6824541091919,symspell,2902861,2,hamming,16
191,2051.953769683838,compairr,2902861,2,hamming,16
192,41.25510764122009,symspell,407713,2,hamming,2
193,128.69497561454773,compairr,407713,2,hamming,2
194,83.75975346565247,symspell,765218,2,hamming,4
195,261.51444578170776,compairr,765218,2,hamming,4
196,263.8318145275116,symspell,1601656,2,hamming,8
197,790.5715944766998,compairr,1601656,2,hamming,8
198,996.0508999824524,symspell,2902861,2,hamming,16
199,2760.842319250107,compairr,2902861,2,hamming,16
200,30.563910007476807,symspell,407713,2,hamming,2
201,122.1986870765686,compairr,407713,2,hamming,2
202,82.05477690696716,symspell,765218,2,hamming,4
203,265.3510637283325,compairr,765218,2,hamming,4
204,269.4751491546631,symspell,1601656,2,hamming,8
205,735.6023581027985,compairr,1601656,2,hamming,8
206,847.4537658691406,symspell,2902861,2,hamming,16
207,2074.3579812049866,compairr,2902861,2,hamming,16
208,35.883745431900024,symspell,407713,2,hamming,2
209,122.47627830505371,compairr,407713,2,hamming,2
210,85.0289785861969,symspell,765218,2,hamming,4
211,259.42568850517273,compairr,765218,2,hamming,4
212,267.5066750049591,symspell,1601656,2,hamming,8
213,768.9172513484955,compairr,1601656,2,hamming,8
214,842.5493528842926,symspell,2902861,2,hamming,16
215,2081.8624424934387,compairr,2902861,2,hamming,16
216,35.08377933502197,symspell,407713,2,hamming,2
217,122.09829807281494,compairr,407713,2,hamming,2
218,85.06361985206604,symspell,765218,2,hamming,4
219,266.24904108047485,compairr,765218,2,hamming,4
220,270.3557069301605,symspell,1601656,2,hamming,8
221,766.8878798484802,compairr,1601656,2,hamming,8
222,853.586501121521,symspell,2902861,2,hamming,16
223,2068.8563797473907,compairr,2902861,2,hamming,16
0,28.90908718109131,symspell,407713,1,hamming,2
1,1.722702980041504,compairr,407713,1,hamming,2
2,67.14207625389099,symspell,765218,1,hamming,4
3,4.03779673576355,compairr,765218,1,hamming,4
4,217.60069680213928,symspell,1601656,1,hamming,8
5,14.301353931427002,compairr,1601656,1,hamming,8
6,694.5323164463043,symspell,2902861,1,hamming,16
7,42.83167004585266,compairr,2902861,1,hamming,16
8,143.81195640563965,compairr,5753574,1,hamming,32
9,549.3131985664368,compairr,11968694,1,hamming,64
10,29.953919649124146,symspell,407713,1,hamming,2
11,1.9233763217926025,compairr,407713,1,hamming,2
12,75.00387644767761,symspell,765218,1,hamming,4
13,4.734931707382202,compairr,765218,1,hamming,4
14,238.8625099658966,symspell,1601656,1,hamming,8
15,17.21271538734436,compairr,1601656,1,hamming,8
16,734.0807926654816,symspell,2902861,1,hamming,16
17,51.96090888977051,compairr,2902861,1,hamming,16
18,172.47695589065552,compairr,5753574,1,hamming,32
19,654.9261047840118,compairr,11968694,1,hamming,64
20,31.496529817581177,symspell,407713,1,hamming,2
21,1.825272798538208,compairr,407713,1,hamming,2
22,77.08970737457275,symspell,765218,1,hamming,4
23,4.840036392211914,compairr,765218,1,hamming,4
24,245.53857374191284,symspell,1601656,1,hamming,8
25,18.114855766296387,compairr,1601656,1,hamming,8
26,767.162275314331,symspell,2902861,1,hamming,16
27,56.407052993774414,compairr,2902861,1,hamming,16
28,186.74693250656128,compairr,5753574,1,hamming,32
29,673.6543946266174,compairr,11968694,1,hamming,64
30,31.248616456985474,symspell,407713,1,hamming,2
31,1.9267475605010986,compairr,407713,1,hamming,2
32,79.83394718170166,symspell,765218,1,hamming,4
33,5.047761678695679,compairr,765218,1,hamming,4
34,247.7822151184082,symspell,1601656,1,hamming,8
35,18.631398916244507,compairr,1601656,1,hamming,8
36,785.9333455562592,symspell,2902861,1,hamming,16
37,57.204896450042725,compairr,2902861,1,hamming,16
38,189.03050589561462,compairr,5753574,1,hamming,32
39,687.7930126190186,compairr,11968694,1,hamming,64
40,29.345322370529175,symspell,407713,1,hamming,2
41,1.925657033920288,compairr,407713,1,hamming,2
42,77.55981802940369,symspell,765218,1,hamming,4
43,5.137018442153931,compairr,765218,1,hamming,4
44,249.49642086029053,symspell,1601656,1,hamming,8
45,18.618655920028687,compairr,1601656,1,hamming,8
46,790.3879239559174,symspell,2902861,1,hamming,16
47,56.41283178329468,compairr,2902861,1,hamming,16
48,188.24207758903503,compairr,5753574,1,hamming,32
49,684.1677963733673,compairr,11968694,1,hamming,64
50,29.339246034622192,symspell,407713,1,hamming,2
51,1.9288501739501953,compairr,407713,1,hamming,2
52,79.6717209815979,symspell,765218,1,hamming,4
53,5.039813995361328,compairr,765218,1,hamming,4
54,248.9824845790863,symspell,1601656,1,hamming,8
55,18.020516872406006,compairr,1601656,1,hamming,8
56,789.4759113788605,symspell,2902861,1,hamming,16
57,57.99262285232544,compairr,2902861,1,hamming,16
58,188.83766412734985,compairr,5753574,1,hamming,32
59,707.1663420200348,compairr,11968694,1,hamming,64
60,32.94848346710205,symspell,407713,1,hamming,2
61,1.9255726337432861,compairr,407713,1,hamming,2
62,81.70377826690674,symspell,765218,1,hamming,4
63,5.245276689529419,compairr,765218,1,hamming,4
64,254.4582178592682,symspell,1601656,1,hamming,8
65,19.035030841827393,compairr,1601656,1,hamming,8
66,802.0301752090454,symspell,2902861,1,hamming,16
67,56.69883465766907,compairr,2902861,1,hamming,16
68,191.1493124961853,compairr,5753574,1,hamming,32
69,685.4484369754791,compairr,11968694,1,hamming,64
70,30.87946081161499,symspell,407713,1,hamming,2
71,1.9246854782104492,compairr,407713,1,hamming,2
72,78.18770933151245,symspell,765218,1,hamming,4
73,5.042600393295288,compairr,765218,1,hamming,4
74,252.8530478477478,symspell,1601656,1,hamming,8
75,19.328201055526733,compairr,1601656,1,hamming,8
76,777.8066701889038,symspell,2902861,1,hamming,16
77,59.206674337387085,compairr,2902861,1,hamming,16
78,193.76319646835327,compairr,5753574,1,hamming,32
79,684.157990694046,compairr,11968694,1,hamming,64
80,31.30647349357605,symspell,407713,1,leven,2
81,3.376023292541504,compairr,407713,1,leven,2
82,85.71332049369812,symspell,765218,1,leven,4
83,8.668557405471802,compairr,765218,1,leven,4
84,286.0062267780304,symspell,1601656,1,leven,8
85,32.18622970581055,compairr,1601656,1,leven,8
86,922.6034734249115,symspell,2902861,1,leven,16
87,101.92848086357117,compairr,2902861,1,leven,16
88,328.45456099510193,compairr,5753574,1,leven,32
89,1155.7042021751404,compairr,11968694,1,leven,64
90,32.96430277824402,symspell,407713,1,leven,2
91,3.334965467453003,compairr,407713,1,leven,2
92,87.58813643455505,symspell,765218,1,leven,4
93,9.170042276382446,compairr,765218,1,leven,4
94,297.769672870636,symspell,1601656,1,leven,8
95,33.28470587730408,compairr,1601656,1,leven,8
96,944.0404102802277,symspell,2902861,1,leven,16
97,99.90484309196472,compairr,2902861,1,leven,16
98,324.9478690624237,compairr,5753574,1,leven,32
99,1159.4848146438599,compairr,11968694,1,leven,64
100,28.97720217704773,symspell,407713,1,leven,2
101,3.3282649517059326,compairr,407713,1,leven,2
102,86.72431707382202,symspell,765218,1,leven,4
103,9.1736319065094,compairr,765218,1,leven,4
104,286.9212715625763,symspell,1601656,1,leven,8
105,33.19235396385193,compairr,1601656,1,leven,8
106,941.026219367981,symspell,2902861,1,leven,16
107,102.0365788936615,compairr,2902861,1,leven,16
108,334.8732874393463,compairr,5753574,1,leven,32
109,1179.6361389160156,compairr,11968694,1,leven,64
110,33.68216633796692,symspell,407713,1,leven,2
111,3.4367752075195312,compairr,407713,1,leven,2
112,89.62103867530823,symspell,765218,1,leven,4
113,9.273488521575928,compairr,765218,1,leven,4
114,288.1369638442993,symspell,1601656,1,leven,8
115,32.78837442398071,compairr,1601656,1,leven,8
116,948.3342044353485,symspell,2902861,1,leven,16
117,100.09892463684082,compairr,2902861,1,leven,16
118,333.2524571418762,compairr,5753574,1,leven,32
119,1181.1738955974579,compairr,11968694,1,leven,64
120,29.26765275001526,symspell,407713,1,leven,2
121,3.3362133502960205,compairr,407713,1,leven,2
122,87.53896141052246,symspell,765218,1,leven,4
123,8.9671471118927,compairr,765218,1,leven,4
124,285.689617395401,symspell,1601656,1,leven,8
125,33.410847902297974,compairr,1601656,1,leven,8
126,957.2976400852203,symspell,2902861,1,leven,16
127,101.8229866027832,compairr,2902861,1,leven,16
128,334.57606744766235,compairr,5753574,1,leven,32
129,1132.5717537403107,compairr,11968694,1,leven,64
130,28.36819052696228,symspell,407713,1,leven,2
131,3.2344658374786377,compairr,407713,1,leven,2
132,83.2693259716034,symspell,765218,1,leven,4
133,8.36560606956482,compairr,765218,1,leven,4
134,284.57947182655334,symspell,1601656,1,leven,8
135,31.17870545387268,compairr,1601656,1,leven,8
136,924.4949116706848,symspell,2902861,1,leven,16
137,98.49531722068787,compairr,2902861,1,leven,16
138,324.62649154663086,compairr,5753574,1,leven,32
139,1156.9533791542053,compairr,11968694,1,leven,64
140,35.46247959136963,symspell,407713,1,leven,2
141,3.340651273727417,compairr,407713,1,leven,2
142,88.36169719696045,symspell,765218,1,leven,4
143,8.669236660003662,compairr,765218,1,leven,4
144,291.52884674072266,symspell,1601656,1,leven,8
145,31.99882459640503,compairr,1601656,1,leven,8
146,954.2264695167542,symspell,2902861,1,leven,16
147,101.11384677886963,compairr,2902861,1,leven,16
148,345.6988265514374,compairr,5753574,1,leven,32
149,1188.2125091552734,compairr,11968694,1,leven,64
150,33.630815505981445,symspell,407713,1,leven,2
151,3.4336652755737305,compairr,407713,1,leven,2
152,87.04082822799683,symspell,765218,1,leven,4
153,8.763358354568481,compairr,765218,1,leven,4
154,296.5826241970062,symspell,1601656,1,leven,8
155,32.47971534729004,compairr,1601656,1,leven,8
156,936.024804353714,symspell,2902861,1,leven,16
157,102.01989459991455,compairr,2902861,1,leven,16
158,335.24706840515137,compairr,5753574,1,leven,32
159,1185.7182517051697,compairr,11968694,1,leven,64
160,28.894222736358643,symspell,407713,2,hamming,2
161,125.34642100334167,compairr,407713,2,hamming,2
162,80.87542295455933,symspell,765218,2,hamming,4
163,268.85539531707764,compairr,765218,2,hamming,4
164,262.1570553779602,symspell,1601656,2,hamming,8
165,894.4464311599731,compairr,1601656,2,hamming,8
166,799.0025599002838,symspell,2902861,2,hamming,16
167,2307.667180776596,compairr,2902861,2,hamming,16
168,29.799057722091675,symspell,407713,2,hamming,2
169,125.11763548851013,compairr,407713,2,hamming,2
170,80.18982982635498,symspell,765218,2,hamming,4
171,269.1700744628906,compairr,765218,2,hamming,4
172,262.78985834121704,symspell,1601656,2,hamming,8
173,864.4866766929626,compairr,1601656,2,hamming,8
174,806.4718015193939,symspell,2902861,2,hamming,16
175,2252.940797328949,compairr,2902861,2,hamming,16
176,33.93354296684265,symspell,407713,2,hamming,2
177,124.31346607208252,compairr,407713,2,hamming,2
178,84.0711658000946,symspell,765218,2,hamming,4
179,265.1151716709137,compairr,765218,2,hamming,4
180,255.39575290679932,symspell,1601656,2,hamming,8
181,826.4745082855225,compairr,1601656,2,hamming,8
182,799.698949098587,symspell,2902861,2,hamming,16
183,2222.8737812042236,compairr,2902861,2,hamming,16
184,33.75740671157837,symspell,407713,2,hamming,2
185,124.10043597221375,compairr,407713,2,hamming,2
186,81.58197593688965,symspell,765218,2,hamming,4
187,267.9653482437134,compairr,765218,2,hamming,4
188,258.6503701210022,symspell,1601656,2,hamming,8
189,844.3486156463623,compairr,1601656,2,hamming,8
190,826.3299486637115,symspell,2902861,2,hamming,16
191,2208.718609571457,compairr,2902861,2,hamming,16
192,30.095033884048462,symspell,407713,2,hamming,2
193,123.61511540412903,compairr,407713,2,hamming,2
194,80.78379130363464,symspell,765218,2,hamming,4
195,270.7769808769226,compairr,765218,2,hamming,4
196,255.72012305259705,symspell,1601656,2,hamming,8
197,834.0531649589539,compairr,1601656,2,hamming,8
198,813.1010909080505,symspell,2902861,2,hamming,16
199,2201.1234953403473,compairr,2902861,2,hamming,16
200,30.11068367958069,symspell,407713,2,hamming,2
201,123.31239008903503,compairr,407713,2,hamming,2
202,79.5343017578125,symspell,765218,2,hamming,4
203,264.9775779247284,compairr,765218,2,hamming,4
204,258.85402488708496,symspell,1601656,2,hamming,8
205,817.7887659072876,compairr,1601656,2,hamming,8
206,793.2292046546936,symspell,2902861,2,hamming,16
207,2115.7974121570587,compairr,2902861,2,hamming,16
208,35.06204128265381,symspell,407713,2,hamming,2
209,122.11244583129883,compairr,407713,2,hamming,2
210,83.81548857688904,symspell,765218,2,hamming,4
211,261.036278963089,compairr,765218,2,hamming,4
212,251.5145001411438,symspell,1601656,2,hamming,8
213,787.4880013465881,compairr,1601656,2,hamming,8
214,790.9581298828125,symspell,2902861,2,hamming,16
215,1869.0881519317627,compairr,2902861,2,hamming,16
216,31.28211236000061,symspell,407713,2,hamming,2
217,116.1587746143341,compairr,407713,2,hamming,2
218,75.43142127990723,symspell,765218,2,hamming,4
219,244.21382904052734,compairr,765218,2,hamming,4
220,244.84890723228455,symspell,1601656,2,hamming,8
221,640.2673361301422,compairr,1601656,2,hamming,8
222,756.3823640346527,symspell,2902861,2,hamming,16
223,1739.8340933322906,compairr,2902861,2,hamming,16
0,4.523220777511597,xt_neighbor,407713,1,hamming,2
1,1.3112080097198486,xt_neighbor,765218,1,hamming,4
2,2.6197216510772705,xt_neighbor,1601656,1,hamming,8
3,5.431994199752808,xt_neighbor,2902861,1,hamming,16
4,15.071412563323975,xt_neighbor,5753574,1,hamming,32
5,55.54737043380737,xt_neighbor,11968694,1,hamming,64
6,0.808007001876831,xt_neighbor,407713,1,hamming,2
7,1.314225196838379,xt_neighbor,765218,1,hamming,4
8,2.514505386352539,xt_neighbor,1601656,1,hamming,8
9,5.532835006713867,xt_neighbor,2902861,1,hamming,16
10,15.070795774459839,xt_neighbor,5753574,1,hamming,32
11,55.142144441604614,xt_neighbor,11968694,1,hamming,64
12,0.8089077472686768,xt_neighbor,407713,1,hamming,2
13,1.3110437393188477,xt_neighbor,765218,1,hamming,4
14,2.519272565841675,xt_neighbor,1601656,1,hamming,8
15,5.4339919090271,xt_neighbor,2902861,1,hamming,16
16,15.166653871536255,xt_neighbor,5753574,1,hamming,32
17,55.5440878868103,xt_neighbor,11968694,1,hamming,64
18,0.807619571685791,xt_neighbor,407713,1,hamming,2
19,1.3125391006469727,xt_neighbor,765218,1,hamming,4
20,2.5168848037719727,xt_neighbor,1601656,1,hamming,8
21,5.332643032073975,xt_neighbor,2902861,1,hamming,16
22,14.869818210601807,xt_neighbor,5753574,1,hamming,32
23,55.64838910102844,xt_neighbor,11968694,1,hamming,64
24,0.8066675662994385,xt_neighbor,407713,1,hamming,2
25,1.3124232292175293,xt_neighbor,765218,1,hamming,4
26,2.618346929550171,xt_neighbor,1601656,1,hamming,8
27,5.424731492996216,xt_neighbor,2902861,1,hamming,16
28,14.96599531173706,xt_neighbor,5753574,1,hamming,32
29,55.34137773513794,xt_neighbor,11968694,1,hamming,64
30,0.8078219890594482,xt_neighbor,407713,1,hamming,2
31,1.3109040260314941,xt_neighbor,765218,1,hamming,4
32,2.51633620262146,xt_neighbor,1601656,1,hamming,8
33,5.427152156829834,xt_neighbor,2902861,1,hamming,16
34,15.268462419509888,xt_neighbor,5753574,1,hamming,32
35,55.326539278030396,xt_neighbor,11968694,1,hamming,64
36,0.8071701526641846,xt_neighbor,407713,1,hamming,2
37,1.3121845722198486,xt_neighbor,765218,1,hamming,4
38,2.5188913345336914,xt_neighbor,1601656,1,hamming,8
39,5.429975509643555,xt_neighbor,2902861,1,hamming,16
40,15.066907167434692,xt_neighbor,5753574,1,hamming,32
41,55.438392162323,xt_neighbor,11968694,1,hamming,64
42,0.8096795082092285,xt_neighbor,407713,1,hamming,2
43,1.3117833137512207,xt_neighbor,765218,1,hamming,4
44,2.5158796310424805,xt_neighbor,1601656,1,hamming,8
45,5.429492473602295,xt_neighbor,2902861,1,hamming,16
46,14.97562861442566,xt_neighbor,5753574,1,hamming,32
47,55.45226716995239,xt_neighbor,11968694,1,hamming,64
48,0.8086440563201904,xt_neighbor,407713,1,hamming,2
49,1.312284231185913,xt_neighbor,765218,1,hamming,4
50,2.518536329269409,xt_neighbor,1601656,1,hamming,8
51,5.428634166717529,xt_neighbor,2902861,1,hamming,16
52,14.975606679916382,xt_neighbor,5753574,1,hamming,32
53,55.323673486709595,xt_neighbor,11968694,1,hamming,64
54,0.8100335597991943,xt_neighbor,407713,1,hamming,2
55,1.3109843730926514,xt_neighbor,765218,1,hamming,4
56,2.518458366394043,xt_neighbor,1601656,1,hamming,8
57,5.4295759201049805,xt_neighbor,2902861,1,hamming,16
58,14.862694501876831,xt_neighbor,5753574,1,hamming,32
59,55.450976610183716,xt_neighbor,11968694,1,hamming,64
60,0.8088192939758301,xt_neighbor,407713,1,hamming,2
61,1.3129453659057617,xt_neighbor,765218,1,hamming,4
62,2.52050518989563,xt_neighbor,1601656,1,hamming,8
63,5.330153942108154,xt_neighbor,2902861,1,hamming,16
64,14.961657047271729,xt_neighbor,5753574,1,hamming,32
65,55.5320086479187,xt_neighbor,11968694,1,hamming,64
66,0.8098790645599365,xt_neighbor,407713,1,hamming,2
67,1.3129518032073975,xt_neighbor,765218,1,hamming,4
68,2.517115354537964,xt_neighbor,1601656,1,hamming,8
69,5.430889844894409,xt_neighbor,2902861,1,hamming,16
70,15.07962965965271,xt_neighbor,5753574,1,hamming,32
71,55.25676774978638,xt_neighbor,11968694,1,hamming,64
72,0.8107457160949707,xt_neighbor,407713,1,hamming,2
73,1.311107873916626,xt_neighbor,765218,1,hamming,4
74,2.5159199237823486,xt_neighbor,1601656,1,hamming,8
75,5.431329011917114,xt_neighbor,2902861,1,hamming,16
76,14.967950105667114,xt_neighbor,5753574,1,hamming,32
77,55.13153409957886,xt_neighbor,11968694,1,hamming,64
78,0.8094894886016846,xt_neighbor,407713,1,hamming,2
79,1.3109242916107178,xt_neighbor,765218,1,hamming,4
80,2.5186002254486084,xt_neighbor,1601656,1,hamming,8
81,5.3247904777526855,xt_neighbor,2902861,1,hamming,16
82,14.853625535964966,xt_neighbor,5753574,1,hamming,32
83,55.4332377910614,xt_neighbor,11968694,1,hamming,64
84,0.8084042072296143,xt_neighbor,407713,1,hamming,2
85,1.3113150596618652,xt_neighbor,765218,1,hamming,4
86,2.5189497470855713,xt_neighbor,1601656,1,hamming,8
87,5.430600881576538,xt_neighbor,2902861,1,hamming,16
88,14.868191719055176,xt_neighbor,5753574,1,hamming,32
89,55.22119188308716,xt_neighbor,11968694,1,hamming,64
90,0.8092973232269287,xt_neighbor,407713,1,leven,2
91,1.3127219676971436,xt_neighbor,765218,1,leven,4
92,2.5182487964630127,xt_neighbor,1601656,1,leven,8
93,5.528167009353638,xt_neighbor,2902861,1,leven,16
94,15.557930946350098,xt_neighbor,5753574,1,leven,32
95,59.04256010055542,xt_neighbor,11968694,1,leven,64
96,0.8094577789306641,xt_neighbor,407713,1,leven,2
97,1.3124191761016846,xt_neighbor,765218,1,leven,4
98,2.616102457046509,xt_neighbor,1601656,1,leven,8
99,5.633974075317383,xt_neighbor,2902861,1,leven,16
100,15.664888143539429,xt_neighbor,5753574,1,leven,32
101,59.05385971069336,xt_neighbor,11968694,1,leven,64
102,0.8082678318023682,xt_neighbor,407713,1,leven,2
103,1.3115205764770508,xt_neighbor,765218,1,leven,4
104,2.6145877838134766,xt_neighbor,1601656,1,leven,8
105,5.5260491371154785,xt_neighbor,2902861,1,leven,16
106,15.677421569824219,xt_neighbor,5753574,1,leven,32
107,58.14806389808655,xt_neighbor,11968694,1,leven,64
108,0.807218074798584,xt_neighbor,407713,1,leven,2
109,1.3121161460876465,xt_neighbor,765218,1,leven,4
110,2.616166591644287,xt_neighbor,1601656,1,leven,8
111,5.6317360401153564,xt_neighbor,2902861,1,leven,16
112,15.7634756565094,xt_neighbor,5753574,1,leven,32
113,58.43604016304016,xt_neighbor,11968694,1,leven,64
114,0.807610273361206,xt_neighbor,407713,1,leven,2
115,1.3087263107299805,xt_neighbor,765218,1,leven,4
116,2.513648509979248,xt_neighbor,1601656,1,leven,8
117,5.525171995162964,xt_neighbor,2902861,1,leven,16
118,15.66810131072998,xt_neighbor,5753574,1,leven,32
119,59.66059708595276,xt_neighbor,11968694,1,leven,64
120,0.8084053993225098,xt_neighbor,407713,1,leven,2
121,1.3142127990722656,xt_neighbor,765218,1,leven,4
122,2.517848491668701,xt_neighbor,1601656,1,leven,8
123,5.524831533432007,xt_neighbor,2902861,1,leven,16
124,15.670654296875,xt_neighbor,5753574,1,leven,32
125,59.65165448188782,xt_neighbor,11968694,1,leven,64
126,0.810370922088623,xt_neighbor,407713,1,leven,2
127,1.310196876525879,xt_neighbor,765218,1,leven,4
128,2.622523784637451,xt_neighbor,1601656,1,leven,8
129,5.531832933425903,xt_neighbor,2902861,1,leven,16
130,15.763432502746582,xt_neighbor,5753574,1,leven,32
131,59.74893069267273,xt_neighbor,11968694,1,leven,64
132,0.806786060333252,xt_neighbor,407713,1,leven,2
133,1.3117871284484863,xt_neighbor,765218,1,leven,4
134,2.6166088581085205,xt_neighbor,1601656,1,leven,8
135,5.522202968597412,xt_neighbor,2902861,1,leven,16
136,15.668245792388916,xt_neighbor,5753574,1,leven,32
137,59.748090982437134,xt_neighbor,11968694,1,leven,64
138,0.8090038299560547,xt_neighbor,407713,1,leven,2
139,1.31060791015625,xt_neighbor,765218,1,leven,4
140,2.617744207382202,xt_neighbor,1601656,1,leven,8
141,5.630375146865845,xt_neighbor,2902861,1,leven,16
142,15.66993498802185,xt_neighbor,5753574,1,leven,32
143,59.6419460773468,xt_neighbor,11968694,1,leven,64
144,0.8094117641448975,xt_neighbor,407713,1,leven,2
145,1.310978651046753,xt_neighbor,765218,1,leven,4
146,2.616814136505127,xt_neighbor,1601656,1,leven,8
147,5.522240161895752,xt_neighbor,2902861,1,leven,16
148,15.56882381439209,xt_neighbor,5753574,1,leven,32
149,59.96733355522156,xt_neighbor,11968694,1,leven,64
150,0.8087773323059082,xt_neighbor,407713,1,leven,2
151,1.3109827041625977,xt_neighbor,765218,1,leven,4
152,2.612863779067993,xt_neighbor,1601656,1,leven,8
153,5.63079833984375,xt_neighbor,2902861,1,leven,16
154,15.872689247131348,xt_neighbor,5753574,1,leven,32
155,59.746785402297974,xt_neighbor,11968694,1,leven,64
156,0.8058762550354004,xt_neighbor,407713,1,leven,2
157,1.3126449584960938,xt_neighbor,765218,1,leven,4
158,2.6194727420806885,xt_neighbor,1601656,1,leven,8
159,5.6292243003845215,xt_neighbor,2902861,1,leven,16
160,15.766908407211304,xt_neighbor,5753574,1,leven,32
161,60.68350172042847,xt_neighbor,11968694,1,leven,64
162,0.8062419891357422,xt_neighbor,407713,1,leven,2
163,1.3120834827423096,xt_neighbor,765218,1,leven,4
164,2.72320556640625,xt_neighbor,1601656,1,leven,8
165,5.734570264816284,xt_neighbor,2902861,1,leven,16
166,15.979202508926392,xt_neighbor,5753574,1,leven,32
167,60.04157757759094,xt_neighbor,11968694,1,leven,64
168,0.8075616359710693,xt_neighbor,407713,1,leven,2
169,1.3084495067596436,xt_neighbor,765218,1,leven,4
170,2.618870735168457,xt_neighbor,1601656,1,leven,8
171,5.629160165786743,xt_neighbor,2902861,1,leven,16
172,15.872407674789429,xt_neighbor,5753574,1,leven,32
173,60.28086256980896,xt_neighbor,11968694,1,leven,64
174,0.8076999187469482,xt_neighbor,407713,1,leven,2
175,1.3106153011322021,xt_neighbor,765218,1,leven,4
176,2.617417335510254,xt_neighbor,1601656,1,leven,8
177,5.725624322891235,xt_neighbor,2902861,1,leven,16
178,15.864387035369873,xt_neighbor,5753574,1,leven,32
179,60.28274130821228,xt_neighbor,11968694,1,leven,64
180,4.526329040527344,xt_neighbor,407713,2,hamming,2
181,11.146337270736694,xt_neighbor,765218,2,hamming,4
182,42.781599044799805,xt_neighbor,1601656,2,hamming,8
183,174.7663345336914,xt_neighbor,2902861,2,hamming,16
184,1121.2033216953278,xt_neighbor,5753574,2,hamming,32
185,4.528358459472656,xt_neighbor,407713,2,hamming,2
186,11.154989004135132,xt_neighbor,765218,2,hamming,4
187,42.69265532493591,xt_neighbor,1601656,2,hamming,8
188,174.31479024887085,xt_neighbor,2902861,2,hamming,16
189,1121.326559305191,xt_neighbor,5753574,2,hamming,32
190,4.6253342628479,xt_neighbor,407713,2,hamming,2
191,11.250132322311401,xt_neighbor,765218,2,hamming,4
192,42.48385000228882,xt_neighbor,1601656,2,hamming,8
193,173.81432580947876,xt_neighbor,2902861,2,hamming,16
194,1120.6008684635162,xt_neighbor,5753574,2,hamming,32
195,4.5260515213012695,xt_neighbor,407713,2,hamming,2
196,11.252305269241333,xt_neighbor,765218,2,hamming,4
197,42.99182176589966,xt_neighbor,1601656,2,hamming,8
198,174.44908833503723,xt_neighbor,2902861,2,hamming,16
199,1123.3662869930267,xt_neighbor,5753574,2,hamming,32
200,4.6283392906188965,xt_neighbor,407713,2,hamming,2
201,11.255534410476685,xt_neighbor,765218,2,hamming,4
202,42.89692807197571,xt_neighbor,1601656,2,hamming,8
203,173.92930102348328,xt_neighbor,2902861,2,hamming,16
204,1122.9430522918701,xt_neighbor,5753574,2,hamming,32
205,4.627684593200684,xt_neighbor,407713,2,hamming,2
206,11.35772180557251,xt_neighbor,765218,2,hamming,4
207,42.78878402709961,xt_neighbor,1601656,2,hamming,8
208,174.1453242301941,xt_neighbor,2902861,2,hamming,16
209,1124.7626476287842,xt_neighbor,5753574,2,hamming,32
210,4.626376152038574,xt_neighbor,407713,2,hamming,2
211,11.25382661819458,xt_neighbor,765218,2,hamming,4
212,43.0954225063324,xt_neighbor,1601656,2,hamming,8
213,174.8439657688141,xt_neighbor,2902861,2,hamming,16
214,1123.9393084049225,xt_neighbor,5753574,2,hamming,32
215,4.627063989639282,xt_neighbor,407713,2,hamming,2
216,11.354905605316162,xt_neighbor,765218,2,hamming,4
217,43.09823703765869,xt_neighbor,1601656,2,hamming,8
218,174.91133308410645,xt_neighbor,2902861,2,hamming,16
219,1127.5413415431976,xt_neighbor,5753574,2,hamming,32
220,4.7276387214660645,xt_neighbor,407713,2,hamming,2
221,11.458955526351929,xt_neighbor,765218,2,hamming,4
222,43.30324935913086,xt_neighbor,1601656,2,hamming,8
223,175.55172181129456,xt_neighbor,2902861,2,hamming,16
224,1130.8833425045013,xt_neighbor,5753574,2,hamming,32
225,4.7245142459869385,xt_neighbor,407713,2,hamming,2
226,11.55618405342102,xt_neighbor,765218,2,hamming,4
227,43.49000883102417,xt_neighbor,1601656,2,hamming,8
228,175.71907901763916,xt_neighbor,2902861,2,hamming,16
229,1127.8778102397919,xt_neighbor,5753574,2,hamming,32
230,4.626500129699707,xt_neighbor,407713,2,hamming,2
231,11.450226068496704,xt_neighbor,765218,2,hamming,4
232,43.28732943534851,xt_neighbor,1601656,2,hamming,8
233,175.16710495948792,xt_neighbor,2902861,2,hamming,16
234,1126.1209206581116,xt_neighbor,5753574,2,hamming,32
235,4.623730897903442,xt_neighbor,407713,2,hamming,2
236,11.349156141281128,xt_neighbor,765218,2,hamming,4
237,43.19260239601135,xt_neighbor,1601656,2,hamming,8
238,174.85590171813965,xt_neighbor,2902861,2,hamming,16
239,1126.661364555359,xt_neighbor,5753574,2,hamming,32
240,4.624892950057983,xt_neighbor,407713,2,hamming,2
241,11.353648662567139,xt_neighbor,765218,2,hamming,4
242,43.18289589881897,xt_neighbor,1601656,2,hamming,8
243,174.52782583236694,xt_neighbor,2902861,2,hamming,16
244,1126.8151745796204,xt_neighbor,5753574,2,hamming,32
245,4.72634482383728,xt_neighbor,407713,2,hamming,2
246,11.453718900680542,xt_neighbor,765218,2,hamming,4
247,43.60417413711548,xt_neighbor,1601656,2,hamming,8
248,175.67846012115479,xt_neighbor,2902861,2,hamming,16
249,1125.8732643127441,xt_neighbor,5753574,2,hamming,32
250,4.7264909744262695,xt_neighbor,407713,2,hamming,2
251,11.462496280670166,xt_neighbor,765218,2,hamming,4
252,43.08746075630188,xt_neighbor,1601656,2,hamming,8
253,175.15433025360107,xt_neighbor,2902861,2,hamming,16
254,1125.94779586792,xt_neighbor,5753574,2,hamming,32
0,4.220086097717285,xt_neighbor,407713,1,hamming,2
1,1.108079195022583,xt_neighbor,765218,1,hamming,4
2,2.415248394012451,xt_neighbor,1601656,1,hamming,8
3,5.2260637283325195,xt_neighbor,2902861,1,hamming,16
4,14.759207487106323,xt_neighbor,5753574,1,hamming,32
5,54.59633731842041,xt_neighbor,11968694,1,hamming,64
6,0.7085020542144775,xt_neighbor,407713,1,hamming,2
7,1.209113359451294,xt_neighbor,765218,1,hamming,4
8,2.416067600250244,xt_neighbor,1601656,1,hamming,8
9,5.22551155090332,xt_neighbor,2902861,1,hamming,16
10,14.768376350402832,xt_neighbor,5753574,1,hamming,32
11,54.91285729408264,xt_neighbor,11968694,1,hamming,64
12,0.7069354057312012,xt_neighbor,407713,1,hamming,2
13,1.2113873958587646,xt_neighbor,765218,1,hamming,4
14,2.417780876159668,xt_neighbor,1601656,1,hamming,8
15,5.224271535873413,xt_neighbor,2902861,1,hamming,16
16,14.762018918991089,xt_neighbor,5753574,1,hamming,32
17,54.818979024887085,xt_neighbor,11968694,1,hamming,64
18,0.708106279373169,xt_neighbor,407713,1,hamming,2
19,1.210221767425537,xt_neighbor,765218,1,hamming,4
20,2.4166715145111084,xt_neighbor,1601656,1,hamming,8
21,5.327056169509888,xt_neighbor,2902861,1,hamming,16
22,14.761664867401123,xt_neighbor,5753574,1,hamming,32
23,55.05126070976257,xt_neighbor,11968694,1,hamming,64
24,0.7084119319915771,xt_neighbor,407713,1,hamming,2
25,1.2105741500854492,xt_neighbor,765218,1,hamming,4
26,2.416210174560547,xt_neighbor,1601656,1,hamming,8
27,5.328731298446655,xt_neighbor,2902861,1,hamming,16
28,14.858125925064087,xt_neighbor,5753574,1,hamming,32
29,55.01153540611267,xt_neighbor,11968694,1,hamming,64
30,0.7076082229614258,xt_neighbor,407713,1,hamming,2
31,1.2138729095458984,xt_neighbor,765218,1,hamming,4
32,2.4172048568725586,xt_neighbor,1601656,1,hamming,8
33,5.226649284362793,xt_neighbor,2902861,1,hamming,16
34,14.662449836730957,xt_neighbor,5753574,1,hamming,32
35,54.92075443267822,xt_neighbor,11968694,1,hamming,64
36,0.7083017826080322,xt_neighbor,407713,1,hamming,2
37,1.2100791931152344,xt_neighbor,765218,1,hamming,4
38,2.416185140609741,xt_neighbor,1601656,1,hamming,8
39,5.328779935836792,xt_neighbor,2902861,1,hamming,16
40,14.764307737350464,xt_neighbor,5753574,1,hamming,32
41,54.90632486343384,xt_neighbor,11968694,1,hamming,64
42,0.708611249923706,xt_neighbor,407713,1,hamming,2
43,1.210312843322754,xt_neighbor,765218,1,hamming,4
44,2.412543535232544,xt_neighbor,1601656,1,hamming,8
45,5.326415061950684,xt_neighbor,2902861,1,hamming,16
46,15.069002628326416,xt_neighbor,5753574,1,hamming,32
47,56.13452959060669,xt_neighbor,11968694,1,hamming,64
48,0.7070572376251221,xt_neighbor,407713,1,hamming,2
49,1.2104558944702148,xt_neighbor,765218,1,hamming,4
50,2.519948720932007,xt_neighbor,1601656,1,hamming,8
51,5.327610969543457,xt_neighbor,2902861,1,hamming,16
52,15.0655677318573,xt_neighbor,5753574,1,hamming,32
53,55.93037819862366,xt_neighbor,11968694,1,hamming,64
54,0.707521915435791,xt_neighbor,407713,1,hamming,2
55,1.2118804454803467,xt_neighbor,765218,1,hamming,4
56,2.5159518718719482,xt_neighbor,1601656,1,hamming,8
57,5.429503917694092,xt_neighbor,2902861,1,hamming,16
58,15.064026117324829,xt_neighbor,5753574,1,hamming,32
59,55.84102916717529,xt_neighbor,11968694,1,hamming,64
60,0.7101430892944336,xt_neighbor,407713,1,hamming,2
61,1.213027000427246,xt_neighbor,765218,1,hamming,4
62,2.4162635803222656,xt_neighbor,1601656,1,hamming,8
63,5.428626537322998,xt_neighbor,2902861,1,hamming,16
64,14.966847896575928,xt_neighbor,5753574,1,hamming,32
65,55.84098482131958,xt_neighbor,11968694,1,hamming,64
66,0.7084372043609619,xt_neighbor,407713,1,hamming,2
67,1.21034574508667,xt_neighbor,765218,1,hamming,4
68,2.4155313968658447,xt_neighbor,1601656,1,hamming,8
69,5.326841115951538,xt_neighbor,2902861,1,hamming,16
70,15.06792402267456,xt_neighbor,5753574,1,hamming,32
71,55.830137729644775,xt_neighbor,11968694,1,hamming,64
72,0.7083444595336914,xt_neighbor,407713,1,hamming,2
73,1.2140624523162842,xt_neighbor,765218,1,hamming,4
74,2.4184410572052,xt_neighbor,1601656,1,hamming,8
75,5.32938814163208,xt_neighbor,2902861,1,hamming,16
76,14.962860822677612,xt_neighbor,5753574,1,hamming,32
77,55.934001207351685,xt_neighbor,11968694,1,hamming,64
78,0.7056081295013428,xt_neighbor,407713,1,hamming,2
79,1.2102923393249512,xt_neighbor,765218,1,hamming,4
80,2.519590139389038,xt_neighbor,1601656,1,hamming,8
81,5.328984975814819,xt_neighbor,2902861,1,hamming,16
82,14.970117092132568,xt_neighbor,5753574,1,hamming,32
83,55.636056900024414,xt_neighbor,11968694,1,hamming,64
84,0.7064671516418457,xt_neighbor,407713,1,hamming,2
85,1.2106800079345703,xt_neighbor,765218,1,hamming,4
86,2.518608331680298,xt_neighbor,1601656,1,hamming,8
87,5.230707406997681,xt_neighbor,2902861,1,hamming,16
88,14.966211080551147,xt_neighbor,5753574,1,hamming,32
89,55.52796792984009,xt_neighbor,11968694,1,hamming,64
90,0.7081344127655029,xt_neighbor,407713,1,leven,2
91,1.2143940925598145,xt_neighbor,765218,1,leven,4
92,2.518073081970215,xt_neighbor,1601656,1,leven,8
93,5.531144380569458,xt_neighbor,2902861,1,leven,16
94,15.56757378578186,xt_neighbor,5753574,1,leven,32
95,58.253779888153076,xt_neighbor,11968694,1,leven,64
96,0.7101762294769287,xt_neighbor,407713,1,leven,2
97,1.211536169052124,xt_neighbor,765218,1,leven,4
98,2.5173375606536865,xt_neighbor,1601656,1,leven,8
99,5.530649900436401,xt_neighbor,2902861,1,leven,16
100,15.5623140335083,xt_neighbor,5753574,1,leven,32
101,58.04435682296753,xt_neighbor,11968694,1,leven,64
102,0.7093636989593506,xt_neighbor,407713,1,leven,2
103,1.210691213607788,xt_neighbor,765218,1,leven,4
104,2.518767833709717,xt_neighbor,1601656,1,leven,8
105,5.426815986633301,xt_neighbor,2902861,1,leven,16
106,15.470875978469849,xt_neighbor,5753574,1,leven,32
107,58.34791660308838,xt_neighbor,11968694,1,leven,64
108,0.7075154781341553,xt_neighbor,407713,1,leven,2
109,1.2108676433563232,xt_neighbor,765218,1,leven,4
110,2.516833782196045,xt_neighbor,1601656,1,leven,8
111,5.5293450355529785,xt_neighbor,2902861,1,leven,16
112,15.666634321212769,xt_neighbor,5753574,1,leven,32
113,57.93899703025818,xt_neighbor,11968694,1,leven,64
114,0.7062273025512695,xt_neighbor,407713,1,leven,2
115,1.2105610370635986,xt_neighbor,765218,1,leven,4
116,2.41558837890625,xt_neighbor,1601656,1,leven,8
117,5.346534729003906,xt_neighbor,2902861,1,leven,16
118,15.361029386520386,xt_neighbor,5753574,1,leven,32
119,57.828176498413086,xt_neighbor,11968694,1,leven,64
120,0.708777666091919,xt_neighbor,407713,1,leven,2
121,1.2120730876922607,xt_neighbor,765218,1,leven,4
122,2.5160200595855713,xt_neighbor,1601656,1,leven,8
123,5.524249792098999,xt_neighbor,2902861,1,leven,16
124,15.765028476715088,xt_neighbor,5753574,1,leven,32
125,58.331472396850586,xt_neighbor,11968694,1,leven,64
126,0.7069461345672607,xt_neighbor,407713,1,leven,2
127,1.2107617855072021,xt_neighbor,765218,1,leven,4
128,2.521413564682007,xt_neighbor,1601656,1,leven,8
129,5.529089450836182,xt_neighbor,2902861,1,leven,16
130,15.469062089920044,xt_neighbor,5753574,1,leven,32
131,58.43268036842346,xt_neighbor,11968694,1,leven,64
132,0.7074174880981445,xt_neighbor,407713,1,leven,2
133,1.2083790302276611,xt_neighbor,765218,1,leven,4
134,2.517300844192505,xt_neighbor,1601656,1,leven,8
135,5.448761701583862,xt_neighbor,2902861,1,leven,16
136,15.464061498641968,xt_neighbor,5753574,1,leven,32
137,58.45935273170471,xt_neighbor,11968694,1,leven,64
138,0.7075879573822021,xt_neighbor,407713,1,leven,2
139,1.2108304500579834,xt_neighbor,765218,1,leven,4
140,2.5181221961975098,xt_neighbor,1601656,1,leven,8
141,5.528956890106201,xt_neighbor,2902861,1,leven,16
142,15.565524816513062,xt_neighbor,5753574,1,leven,32
143,58.63302540779114,xt_neighbor,11968694,1,leven,64
144,0.7087419033050537,xt_neighbor,407713,1,leven,2
145,1.2096071243286133,xt_neighbor,765218,1,leven,4
146,2.6194262504577637,xt_neighbor,1601656,1,leven,8
147,5.528670072555542,xt_neighbor,2902861,1,leven,16
148,15.571576356887817,xt_neighbor,5753574,1,leven,32
149,58.43005299568176,xt_neighbor,11968694,1,leven,64
150,0.7068769931793213,xt_neighbor,407713,1,leven,2
151,1.2099831104278564,xt_neighbor,765218,1,leven,4
152,2.5144236087799072,xt_neighbor,1601656,1,leven,8
153,5.525542259216309,xt_neighbor,2902861,1,leven,16
154,15.557472705841064,xt_neighbor,5753574,1,leven,32
155,58.62871813774109,xt_neighbor,11968694,1,leven,64
156,0.706249475479126,xt_neighbor,407713,1,leven,2
157,1.2101483345031738,xt_neighbor,765218,1,leven,4
158,2.5142905712127686,xt_neighbor,1601656,1,leven,8
159,5.531874418258667,xt_neighbor,2902861,1,leven,16
160,15.655138969421387,xt_neighbor,5753574,1,leven,32
161,58.44179391860962,xt_neighbor,11968694,1,leven,64
162,0.7088930606842041,xt_neighbor,407713,1,leven,2
163,1.2107970714569092,xt_neighbor,765218,1,leven,4
164,2.5161828994750977,xt_neighbor,1601656,1,leven,8
165,5.528259992599487,xt_neighbor,2902861,1,leven,16
166,15.460324048995972,xt_neighbor,5753574,1,leven,32
167,58.346861600875854,xt_neighbor,11968694,1,leven,64
168,0.707115888595581,xt_neighbor,407713,1,leven,2
169,1.211247205734253,xt_neighbor,765218,1,leven,4
170,2.5189807415008545,xt_neighbor,1601656,1,leven,8
171,5.423461675643921,xt_neighbor,2902861,1,leven,16
172,15.56165099143982,xt_neighbor,5753574,1,leven,32
173,58.5297269821167,xt_neighbor,11968694,1,leven,64
174,0.7108969688415527,xt_neighbor,407713,1,leven,2
175,1.210500717163086,xt_neighbor,765218,1,leven,4
176,2.5176351070404053,xt_neighbor,1601656,1,leven,8
177,5.525858640670776,xt_neighbor,2902861,1,leven,16
178,15.665417909622192,xt_neighbor,5753574,1,leven,32
179,58.33082938194275,xt_neighbor,11968694,1,leven,64
180,4.3213160037994385,xt_neighbor,407713,2,hamming,2
181,11.05138611793518,xt_neighbor,765218,2,hamming,4
182,41.561824798583984,xt_neighbor,1601656,2,hamming,8
183,164.61616563796997,xt_neighbor,2902861,2,hamming,16
184,1115.0368645191193,xt_neighbor,5753574,2,hamming,32
185,4.52392315864563,xt_neighbor,407713,2,hamming,2
186,11.046064615249634,xt_neighbor,765218,2,hamming,4
187,41.560375928878784,xt_neighbor,1601656,2,hamming,8
188,164.4047462940216,xt_neighbor,2902861,2,hamming,16
189,1115.209058046341,xt_neighbor,5753574,2,hamming,32
190,4.423590660095215,xt_neighbor,407713,2,hamming,2
191,11.14520001411438,xt_neighbor,765218,2,hamming,4
192,41.465285778045654,xt_neighbor,1601656,2,hamming,8
193,164.4335916042328,xt_neighbor,2902861,2,hamming,16
194,1115.4697403907776,xt_neighbor,5753574,2,hamming,32
195,4.523393154144287,xt_neighbor,407713,2,hamming,2
196,11.048513174057007,xt_neighbor,765218,2,hamming,4
197,41.567800998687744,xt_neighbor,1601656,2,hamming,8
198,164.70655035972595,xt_neighbor,2902861,2,hamming,16
199,1116.4217631816864,xt_neighbor,5753574,2,hamming,32
200,4.522538185119629,xt_neighbor,407713,2,hamming,2
201,11.146685600280762,xt_neighbor,765218,2,hamming,4
202,41.67042303085327,xt_neighbor,1601656,2,hamming,8
203,164.7506422996521,xt_neighbor,2902861,2,hamming,16
204,1118.4167351722717,xt_neighbor,5753574,2,hamming,32
205,4.522648096084595,xt_neighbor,407713,2,hamming,2
206,11.151870250701904,xt_neighbor,765218,2,hamming,4
207,41.77057385444641,xt_neighbor,1601656,2,hamming,8
208,165.15126609802246,xt_neighbor,2902861,2,hamming,16
209,1115.9500558376312,xt_neighbor,5753574,2,hamming,32
210,4.525983572006226,xt_neighbor,407713,2,hamming,2
211,11.148901462554932,xt_neighbor,765218,2,hamming,4
212,41.867578983306885,xt_neighbor,1601656,2,hamming,8
213,164.75417637825012,xt_neighbor,2902861,2,hamming,16
214,1118.4782626628876,xt_neighbor,5753574,2,hamming,32
215,4.520754098892212,xt_neighbor,407713,2,hamming,2
216,11.248333930969238,xt_neighbor,765218,2,hamming,4
217,41.666351079940796,xt_neighbor,1601656,2,hamming,8
218,164.93775177001953,xt_neighbor,2902861,2,hamming,16
219,1115.1884202957153,xt_neighbor,5753574,2,hamming,32
220,4.5216569900512695,xt_neighbor,407713,2,hamming,2
221,11.150078773498535,xt_neighbor,765218,2,hamming,4
222,41.4644501209259,xt_neighbor,1601656,2,hamming,8
223,164.56532502174377,xt_neighbor,2902861,2,hamming,16
224,1117.0446949005127,xt_neighbor,5753574,2,hamming,32
225,4.523296594619751,xt_neighbor,407713,2,hamming,2
226,11.453253984451294,xt_neighbor,765218,2,hamming,4
227,41.77881073951721,xt_neighbor,1601656,2,hamming,8
228,165.08393740653992,xt_neighbor,2902861,2,hamming,16
229,1121.7741191387177,xt_neighbor,5753574,2,hamming,32
230,4.522618770599365,xt_neighbor,407713,2,hamming,2
231,11.255905628204346,xt_neighbor,765218,2,hamming,4
232,41.56701898574829,xt_neighbor,1601656,2,hamming,8
233,164.9066321849823,xt_neighbor,2902861,2,hamming,16
234,1121.0193133354187,xt_neighbor,5753574,2,hamming,32
235,4.5223610401153564,xt_neighbor,407713,2,hamming,2
236,11.248458862304688,xt_neighbor,765218,2,hamming,4
237,41.66579818725586,xt_neighbor,1601656,2,hamming,8
238,165.11299920082092,xt_neighbor,2902861,2,hamming,16
239,1123.6352384090424,xt_neighbor,5753574,2,hamming,32
240,4.5220558643341064,xt_neighbor,407713,2,hamming,2
241,11.35925841331482,xt_neighbor,765218,2,hamming,4
242,41.76262903213501,xt_neighbor,1601656,2,hamming,8
243,165.44296431541443,xt_neighbor,2902861,2,hamming,16
244,1122.4368863105774,xt_neighbor,5753574,2,hamming,32
245,4.522024154663086,xt_neighbor,407713,2,hamming,2
246,11.25633716583252,xt_neighbor,765218,2,hamming,4
247,41.975468158721924,xt_neighbor,1601656,2,hamming,8
248,165.5446515083313,xt_neighbor,2902861,2,hamming,16
249,1124.0251586437225,xt_neighbor,5753574,2,hamming,32
250,4.524641752243042,xt_neighbor,407713,2,hamming,2
251,11.247927904129028,xt_neighbor,765218,2,hamming,4
252,41.96892857551575,xt_neighbor,1601656,2,hamming,8
253,165.73872756958008,xt_neighbor,2902861,2,hamming,16
254,1123.2687344551086,xt_neighbor,5753574,2,hamming,32