,algorithm,max_edits,sample,max_tcrdist,n_neighbors,runtime_s
0,symscan,1,0,0,174,0.3257570266723633
1,symscan,1,0,3,198,0.3257570266723633
2,symscan,1,0,6,374,0.3257570266723633
3,symscan,1,0,9,882,0.3257570266723633
4,symscan,1,0,12,7298,0.3257570266723633
5,symscan,1,0,15,7300,0.3257570266723633
6,symscan,1,0,18,7302,0.3257570266723633
7,symscan,1,0,21,7316,0.3257570266723633
8,symscan,1,0,24,7760,0.3257570266723633
9,symscan,1,0,27,7760,0.3257570266723633
10,symscan,1,0,30,7764,0.3257570266723633
11,symscan,1,0,33,7780,0.3257570266723633
12,symscan,1,0,36,7908,0.3257570266723633
13,symscan,1,0,39,7918,0.3257570266723633
14,symscan,1,0,42,7954,0.3257570266723633
15,symscan,1,0,45,8070,0.3257570266723633
16,symscan,1,0,48,8902,0.3257570266723633
17,symscan,1,0,51,11036,0.3257570266723633
18,symscan,1,1,0,180,0.35047245025634766
19,symscan,1,1,3,216,0.35047245025634766
20,symscan,1,1,6,382,0.35047245025634766
21,symscan,1,1,9,896,0.35047245025634766
22,symscan,1,1,12,7470,0.35047245025634766
23,symscan,1,1,15,7470,0.35047245025634766
24,symscan,1,1,18,7478,0.35047245025634766
25,symscan,1,1,21,7498,0.35047245025634766
26,symscan,1,1,24,7938,0.35047245025634766
27,symscan,1,1,27,7938,0.35047245025634766
28,symscan,1,1,30,7942,0.35047245025634766
29,symscan,1,1,33,7962,0.35047245025634766
30,symscan,1,1,36,8068,0.35047245025634766
31,symscan,1,1,39,8080,0.35047245025634766
32,symscan,1,1,42,8126,0.35047245025634766
33,symscan,1,1,45,8286,0.35047245025634766
34,symscan,1,1,48,9160,0.35047245025634766
35,symscan,1,1,51,11396,0.35047245025634766
36,symscan,1,2,0,172,0.3253366947174072
37,symscan,1,2,3,200,0.3253366947174072
38,symscan,1,2,6,382,0.3253366947174072
39,symscan,1,2,9,868,0.3253366947174072
40,symscan,1,2,12,7054,0.3253366947174072
41,symscan,1,2,15,7054,0.3253366947174072
42,symscan,1,2,18,7062,0.3253366947174072
43,symscan,1,2,21,7086,0.3253366947174072
44,symscan,1,2,24,7500,0.3253366947174072
45,symscan,1,2,27,7502,0.3253366947174072
46,symscan,1,2,30,7512,0.3253366947174072
47,symscan,1,2,33,7532,0.3253366947174072
48,symscan,1,2,36,7656,0.3253366947174072
49,symscan,1,2,39,7662,0.3253366947174072
50,symscan,1,2,42,7696,0.3253366947174072
51,symscan,1,2,45,7834,0.3253366947174072
52,symscan,1,2,48,8672,0.3253366947174072
53,symscan,1,2,51,10822,0.3253366947174072
54,symscan,2,0,0,174,1.556267499923706
55,symscan,2,0,3,198,1.556267499923706
56,symscan,2,0,6,374,1.556267499923706
57,symscan,2,0,9,886,1.556267499923706
58,symscan,2,0,12,7354,1.556267499923706
59,symscan,2,0,15,8140,1.556267499923706
60,symscan,2,0,18,11666,1.556267499923706
61,symscan,2,0,21,21502,1.556267499923706
62,symscan,2,0,24,88060,1.556267499923706
63,symscan,2,0,27,88128,1.556267499923706
64,symscan,2,0,30,88566,1.556267499923706
65,symscan,2,0,33,90018,1.556267499923706
66,symscan,2,0,36,100786,1.556267499923706
67,symscan,2,0,39,100826,1.556267499923706
68,symscan,2,0,42,100994,1.556267499923706
69,symscan,2,0,45,101616,1.556267499923706
70,symscan,2,0,48,104968,1.556267499923706
71,symscan,2,0,51,107300,1.556267499923706
72,symscan,2,1,0,180,1.5695083141326904
73,symscan,2,1,3,216,1.5695083141326904
74,symscan,2,1,6,382,1.5695083141326904
75,symscan,2,1,9,904,1.5695083141326904
76,symscan,2,1,12,7538,1.5695083141326904
77,symscan,2,1,15,8224,1.5695083141326904
78,symscan,2,1,18,11838,1.5695083141326904
79,symscan,2,1,21,21400,1.5695083141326904
80,symscan,2,1,24,89184,1.5695083141326904
81,symscan,2,1,27,89258,1.5695083141326904
82,symscan,2,1,30,89722,1.5695083141326904
83,symscan,2,1,33,91244,1.5695083141326904
84,symscan,2,1,36,102186,1.5695083141326904
85,symscan,2,1,39,102228,1.5695083141326904
86,symscan,2,1,42,102428,1.5695083141326904
87,symscan,2,1,45,103186,1.5695083141326904
88,symscan,2,1,48,106668,1.5695083141326904
89,symscan,2,1,51,109100,1.5695083141326904
90,symscan,2,2,0,172,1.5493617057800293
91,symscan,2,2,3,200,1.5493617057800293
92,symscan,2,2,6,384,1.5493617057800293
93,symscan,2,2,9,876,1.5493617057800293
94,symscan,2,2,12,7140,1.5493617057800293
95,symscan,2,2,15,7844,1.5493617057800293
96,symscan,2,2,18,11142,1.5493617057800293
97,symscan,2,2,21,20666,1.5493617057800293
98,symscan,2,2,24,87192,1.5493617057800293
99,symscan,2,2,27,87280,1.5493617057800293
100,symscan,2,2,30,87716,1.5493617057800293
101,symscan,2,2,33,89124,1.5493617057800293
102,symscan,2,2,36,99854,1.5493617057800293
103,symscan,2,2,39,99890,1.5493617057800293
104,symscan,2,2,42,100064,1.5493617057800293
105,symscan,2,2,45,100678,1.5493617057800293
106,symscan,2,2,48,104072,1.5493617057800293
107,symscan,2,2,51,106402,1.5493617057800293
108,symscan,3,0,0,174,12.224230527877808
109,symscan,3,0,3,198,12.224230527877808
110,symscan,3,0,6,374,12.224230527877808
111,symscan,3,0,9,886,12.224230527877808
112,symscan,3,0,12,7354,12.224230527877808
113,symscan,3,0,15,8142,12.224230527877808
114,symscan,3,0,18,11706,12.224230527877808
115,symscan,3,0,21,21824,12.224230527877808
116,symscan,3,0,24,89680,12.224230527877808
117,symscan,3,0,27,98534,12.224230527877808
118,symscan,3,0,30,135892,12.224230527877808
119,symscan,3,0,33,227380,12.224230527877808
120,symscan,3,0,36,627012,12.224230527877808
121,symscan,3,0,39,628678,12.224230527877808
122,symscan,3,0,42,636580,12.224230527877808
123,symscan,3,0,45,658576,12.224230527877808
124,symscan,3,0,48,758652,12.224230527877808
125,symscan,3,0,51,761460,12.224230527877808
126,symscan,3,1,0,180,12.28494906425476
127,symscan,3,1,3,216,12.28494906425476
128,symscan,3,1,6,382,12.28494906425476
129,symscan,3,1,9,904,12.28494906425476
130,symscan,3,1,12,7538,12.28494906425476
131,symscan,3,1,15,8226,12.28494906425476
132,symscan,3,1,18,11882,12.28494906425476
133,symscan,3,1,21,21710,12.28494906425476
134,symscan,3,1,24,90912,12.28494906425476
135,symscan,3,1,27,99676,12.28494906425476
136,symscan,3,1,30,137408,12.28494906425476
137,symscan,3,1,33,227982,12.28494906425476
138,symscan,3,1,36,627868,12.28494906425476
139,symscan,3,1,39,629520,12.28494906425476
140,symscan,3,1,42,637774,12.28494906425476
141,symscan,3,1,45,660204,12.28494906425476
142,symscan,3,1,48,760084,12.28494906425476
143,symscan,3,1,51,762978,12.28494906425476
144,symscan,3,2,0,172,12.168312072753906
145,symscan,3,2,3,200,12.168312072753906
146,symscan,3,2,6,384,12.168312072753906
147,symscan,3,2,9,876,12.168312072753906
148,symscan,3,2,12,7140,12.168312072753906
149,symscan,3,2,15,7846,12.168312072753906
150,symscan,3,2,18,11200,12.168312072753906
151,symscan,3,2,21,21018,12.168312072753906
152,symscan,3,2,24,88896,12.168312072753906
153,symscan,3,2,27,97770,12.168312072753906
154,symscan,3,2,30,134442,12.168312072753906
155,symscan,3,2,33,223424,12.168312072753906
156,symscan,3,2,36,618190,12.168312072753906
157,symscan,3,2,39,619914,12.168312072753906
158,symscan,3,2,42,628114,12.168312072753906
159,symscan,3,2,45,650088,12.168312072753906
160,symscan,3,2,48,750502,12.168312072753906
161,symscan,3,2,51,753296,12.168312072753906
162,exhaustive,,0,0,174,139.88851881027222
163,exhaustive,,0,3,198,139.88851881027222
164,exhaustive,,0,6,374,139.88851881027222
165,exhaustive,,0,9,886,139.88851881027222
166,exhaustive,,0,12,7354,139.88851881027222
167,exhaustive,,0,15,8142,139.88851881027222
168,exhaustive,,0,18,11706,139.88851881027222
169,exhaustive,,0,21,21824,139.88851881027222
170,exhaustive,,0,24,89686,139.88851881027222
171,exhaustive,,0,27,98588,139.88851881027222
172,exhaustive,,0,30,136316,139.88851881027222
173,exhaustive,,0,33,230204,139.88851881027222
174,exhaustive,,0,36,641524,139.88851881027222
175,exhaustive,,0,39,697708,139.88851881027222
176,exhaustive,,0,42,907844,139.88851881027222
177,exhaustive,,0,45,1362088,139.88851881027222
178,exhaustive,,0,48,2849450,139.88851881027222
179,exhaustive,,0,51,3067012,139.88851881027222
180,exhaustive,,1,0,180,142.8338541984558
181,exhaustive,,1,3,216,142.8338541984558
182,exhaustive,,1,6,382,142.8338541984558
183,exhaustive,,1,9,904,142.8338541984558
184,exhaustive,,1,12,7538,142.8338541984558
185,exhaustive,,1,15,8226,142.8338541984558
186,exhaustive,,1,18,11882,142.8338541984558
187,exhaustive,,1,21,21710,142.8338541984558
188,exhaustive,,1,24,90916,142.8338541984558
189,exhaustive,,1,27,99722,142.8338541984558
190,exhaustive,,1,30,137772,142.8338541984558
191,exhaustive,,1,33,230676,142.8338541984558
192,exhaustive,,1,36,641968,142.8338541984558
193,exhaustive,,1,39,697652,142.8338541984558
194,exhaustive,,1,42,908994,142.8338541984558
195,exhaustive,,1,45,1357158,142.8338541984558
196,exhaustive,,1,48,2840324,142.8338541984558
197,exhaustive,,1,51,3055320,142.8338541984558
198,exhaustive,,2,0,172,142.5986566543579
199,exhaustive,,2,3,200,142.5986566543579
200,exhaustive,,2,6,384,142.5986566543579
201,exhaustive,,2,9,876,142.5986566543579
202,exhaustive,,2,12,7140,142.5986566543579
203,exhaustive,,2,15,7846,142.5986566543579
204,exhaustive,,2,18,11200,142.5986566543579
205,exhaustive,,2,21,21018,142.5986566543579
206,exhaustive,,2,24,88904,142.5986566543579
207,exhaustive,,2,27,97828,142.5986566543579
208,exhaustive,,2,30,134896,142.5986566543579
209,exhaustive,,2,33,226276,142.5986566543579
210,exhaustive,,2,36,632606,142.5986566543579
211,exhaustive,,2,39,687742,142.5986566543579
212,exhaustive,,2,42,892302,142.5986566543579
213,exhaustive,,2,45,1338118,142.5986566543579
214,exhaustive,,2,48,2813194,142.5986566543579
215,exhaustive,,2,51,3024534,142.5986566543579
